page,text_arabic_ocr
1,"ملحسق كلاب
الضربية على القيمة المضافة
1 ©© »4 «4»
23 ا © ال 1 ابح و0 “*تى
1 بين التسريع والتطبيق
ام في © ‎٠‏ 6ن > ج42 06
ن اظلل كاوائلمان -. د 211
117 في ظل احكام الفانون ‎١١‏ سنك 71
1 0
1 3
2
5 © مواد القانون رقم 0"" لسنة ‎7٠١16‏ بشأن الضريبة على القيمة المضافة وال موادالمقابلة
‎١‏ : لها باللانحة التنفيذية الصادرة بشقرار وزير المالية رقم 5"" لسنة ‎.5١117‏
‏| 1 © التعليمات والمنشورات وأهم الكتابات الصادرة من الإدارة المركزية للبحوث الضريبية
1 8 5 حتى +1///1١؟.‏
عدم
31
- 3
8-22 لض كط لم -
1
3 المعاسب القانوني ل 2
16 نصرأبوالعباس أحمد
كن الشريك الرئيسي
مكتب نصر أبو العباس وشركاه |59 >1 51016011 يمكتب نصر أبوالعباس وشركاه [ذأ »1 ‎9١10:1502‏
‏ا 0 ا 010000
زميل جمعية الضرانب المصرية"
2,"ملحق كتاب : الضريبة على القيمة المضافةبين التشريع والتطبيق
ثانيا: التعليمات والمنشورات الصادرة
بشأن قانون الضريبة على القيمة"
3,ملحق كتاب : الضريبة على القيمة المضافةبين التشريع والتطبيق
4,"ثانيا: التعليمات والمنشورات الصادرة بشأن فانون الضريبة على القيمة المضافة.

ال 00 مضمون التعليمات وا لخطابات 7م
والمشروبات الكحوليه عند الاستيراد
ومكوناتها عند الاستيراد

اس سس سن
المضافة
المقاولات
ومقاولين الباطن"
5,"ثانياً: التعليمات والمنشورات الصادرة بشأن انون الضريبة على القيمة المضافة

ال 00 مضمون التعليمات وا لخطابات 7م
لدى الفنادق
زنجبيل)

١. ‏بشأن‎ ٠١١5 ‏لسنة‎ ١١١7 ‏اقرار وزير التجارة والصناعة رقم‎ 585/8١06
‏إخضاع رسوم التحاليل للضريبة‎

١ ‏بشأن التظلمات والتوفيق ولجان‎ ٠١١5 ‏لسنة‎ ١7 ‏اأاتعليمات‎ ١١0048

ا ا سا
الوجبات

١6١ ‏بشأن مخاطبة جهات الاسناد بتعديل‎ ٠١١ ‏لسنة‎ ١8 ‏اتعليمات‎ ٠١0 ١

ا لعل ل"
6,"ثانياً: التعليمات والمنشورات الصادرة بشأن قانون الضريبة على القيمة المضافة.
ال 00 مضمون التعليمات وا لخطابات 7م
والمعفاه من الضريبه
سجائر لصالح التامين الصحى
المعفاه
ل
السلع المحترقه"
7,"ثانيا: التعليمات والمنشورات الصادرة بشأن قانون الضريبة على القيمة المضافة
مسلسل ناريخ الإصدار مضمون التعليمات وا لخطابات 7م
و ا ا
(حصر لما صدر)
06 أسندسرسيريدام 0003030 ]| كن
5"
8,"نانيا: التعليمات والمنشورات الصادرة بشأن قانون الضريية على القيمة المضافة .
منشورت تعليمات مشترك
الادارة المركزية للسياسات والإجراءات الجمركية
الادارة المركزية للتعريفه والقيمة والمنشا
رقم (؟ ) لسنة ‎٠١15‏
‏بشأن الخامات الدوائية
بعد الاطلاع على:
- قانون الجمارك الصادر بالقانون رقم (517) لسنة ‎١177‏ ولائحته التنفيذيه الصادرة بالقرار
الوزارى رقم ‎)٠١(‏ لسنة ‎٠٠١5‏ وتعديلاتهما.
- قانون القيمة المضافة الصادر بالقانون (507) لسنة ‎70١١5‏ وإلغاء قانون الضريبة على المبيعات.
وبناءا على:
- المادة التاسعة من قانون القيمة المضافة الصادر بالقانون (57) لسنة ‎.5١١5‏
‏- الاتصال التليفونى مع الاستاذ/ محمود خليفة- مدير عام البحوث الفنية بمصلحة الضرائب
مصلحة الجمارك المصرية.
يراعى إتباع الآتى:
أولا: بالنسبة للخامات الدوائية غير الاساسية (مواد غير فعالة)
حيث أنها كانت تعامل فى ظل قانون الضريبة العامة على المبيعات بالسعر الحكمى طبقا للقرارات
الوزارية الصادرة فى هذا الشأن فإن المعاملة الضريبية لهذه الاصناف فى ظل قانون الضريبة
على القيمة المضافة المعمول به حاليا يكون كالآتى:
‎-١‏ تحصيل الضريبة بالبسعر الحكمسى على الاصناف الواردة بالقرارات الوزارية المشار إليها
؟- تحصيل الفرق بين الضريبة على القيمة المضافة والضريبة بالسعر الحكمى بصفة أمانة.
ثانيا: بالنسبة للمشروبات الكحولية
حيث أنها كانت تعامل فى ظل قانون الضريبة العامة على المبيعات بالقيمة الحكمية 0 0 طيقا
لتعليسات مصلحة الضرائب على المبيعات والسابق إذاعتها بمنشور تعريفات رقم 5 لسنة ‎١9197‏
‏فإن المعاملة الضريبية لهذه الاصناف فى ظل قانون الضريبة على القيمة المضافة المعمول بها
حاليا يكون كالاتى:
‎-١‏ تحصيل الضريبة بالقيمة الحكمية بصفة قطعية.
؟- تحصيل الفرق بين (ضريبة الجدول والضريبة على القيمة المضافه) والضريبة بالقيمة
ف 5 بة 1 فةأمانة.
مع العلم بأن يتم العمل بما توضح عاليه لحين صدور اللائحة التنفيذيه لقانون الضريبة على القيمة
المضافه.
تحريرا فى ‎٠١17/9/٠١‏
‏يراعى التطبيق بكل دقة"
9,"ثانيا: التعليمات والمنشورات الصادرة بشأن فانون الضريبة على القيمة المضافة
وزارة الماليه
مصلحة الضرانب المصريه (قيمه مضافه )
الاداره العامه للبحوث الضريبيه
الاداره العامه لبحوث سلع الجدول
السيد الاستاذ/ مدير عام المنشأ
والمشرف على أعمال الادارة العامة للتعريفة بمصلحة الجمارك المصرية
- يرجى التكرم بالاحاطة بانه بصدور القانون 5:7 لسنة ‎7٠١١5‏ الصادر بشأن
الضريبة على القيمة المضافه فإنه وفقا لما ورد بسلع وخدمات الجدول المرافق
للقانون سالف الذكر بند ثانيا مسلسل "" (أ, ب) فيكون المعاملة الضريبية للكحول
كما يلى:
- الكحول الاثيلى النقى غير المحول مهما بلغت درجته الكحوليه يخضع للضريبة ‎١١5‏
‏ج عن كل لتر صرف كضريبة جدول بالاضافة إلى ‎90١‏ من القيمة كضريبة قيمة
مضافه.
كضريبة جدول بالإضافة إلى ‎9١7‏ من القيمة كضريبة قيمة المضافة.
- الكحول المحول للصناعة يخضع لضريبة القيمة المضافة بفئة ‎90١7‏ من القيمة.
- على أن يلتزم المستورد والمنتج ببيان الجهات التى تدم البيع لها أو كيفية التصرف
فى الكميات المبيعة وذلك خلال الخمسة عشر يوما التالية للشهر الذى تم فيه البيع.
- برجاء التكرم بالعلم والإحاطة وإتخاذ اللازم نحو نشر ماتقدم على كافة المنافذ
الجمركية إشراف سيادتكم وذلك توحيدا للمعاملة الضريبية.
ونفضلوا بقبول فائق الاحتزام. .
تعريراً في: ‎7١11/9/1١‏ مدير عام
الادارة العامة لبحوث سلع الجدول"
10,"ثانيا: التعليمات والمنشورات الصادرة بشأن قانون الضريية على القيمة المضافة.
السيد الاستاذ/ رئيس الإدارة المركزية للتعريفة رقيمة ومنشأ )
بمصلحة الجمارك
- يرجى التكرم بالاحاطة بأنه بصدور القانون 5:7 لسنة ‎7٠١١5‏ الصادر بشأن
الجدول المرافق للقانون سالف الذكر بند ثانيا مسلسل 7,5 تكون المعاملة الضريبية
لاجهزة التكييف والتليفزيونات والثلاجات والديب فريرز كما يلى:
- أجهزة تكييف الهواء ووحداتها المستقلة تخضع لضريبة الجدول بفنة 908 من القيمة
بالإضافة إلى ‎9١”‏ من القيمة كضريبة قيمة مضافة وفقا لنص المسلسل رقم "" بند
ثانيا: سلع وخدمات تخضع لضريبة الجدول بالاضافة إلى ضريبة القيمة المضافة
من الجدول المرافق للقانون.
تخضعع لضريبة الجدول بفئنة 974 من القيمة بالاضافة إلى ‎90١7‏ من القيمسة
لضريبة الجدول بالاضافة إلى ضريبة القيمة المضافة من الجدول المرافق للقانون.
- أما بالنسبة للمستلزمات والمكونات اللازمة لانتاج أجهزة التكييف والثلاجات والديب
ولاتخضع لضريبة الجدول عند الافراج الجمركى.
ونفضلوا بقبول فائق الاحازام, .
تعريرا في: ‎""١0/9/11‏
‏مدير عام الاداره العامة لبحوث ساع الجدول رئيس الادارة المركزيه للبحوث الضريبيه"
11,"ثانيا: التعليمات والمنشورات الصادرة بشأن فَانون الضريبة على القيمة المضافة
وزارة الماليه
مصلحة الضرانب المصريه (قيمه مضافه )
الاداره العامه للبحوث الضريبيه
الاداره العامه لبحوث سلع الجدول
- إيماءا إلى كتاب سيادتكم الوارد إلينا برقم ‎١١١4‏ بتاريخ ‎٠١١7/4/5‏ بشأن طلب
الإفادة بالرأى عن إحتساب قيمة غرامة التأخير الخاضعة لقانون المزايدات
- نتشرف بالإحاطة بأن إحتساب غرامة التأخير علاقة تعاقدية بين الشركة والعميل
ونفضلوا بقبول فائق الاحتزامم,
تحريرا في: ‎7١15/9/79‏ مدير عام البحوث الفنيه"
12,"ثانيا: التعليمات والمنشورات الصادرة بشأن قانون الضريبة على القيمة المضافة.
وزارة الماليه
مصلحة الضرانب المصريه ( ضريبه على القيمه المضافه )
الاداره المركزيه لمنطقة شمال القاهره
مأمورية الوايلى ‎٠‏ مسعادة المسجلين
خَينْ طيبة وبعل»,
- إيماءا إلى كتاب سيادتكم الوارد للمأمورية برقم ‎١6‏ بتاريخ ‎٠١١7/٠١/5‏ بشأن
إمتتاع بعض الجهات الحكومية عن إستلام فواتير بقيمة ‎90١7‏ ضريبة القيمة
- نتشرف بإحاطة سيادتكم علما بأنه قد صدر قانون رقم 57 لسنة ‎7٠١١5‏ بإصدار
قانون الضريبة على القيمة المضافة ونشره بالجريدة الرسيمة بالعدد 5 مكرر
ويسرى العمل به إعتبارا من ‎٠١١7/3/8‏ فإنه:
- طبقا للمادة (”) من القانون سالف الذكر يكون سعر الضريبة على السلع والخدمات
‎)961١7(‏ عن العام المسالى ‎7077/50١5‏ و ‎)96١5(‏ عسن العام المسالى
ا
- وطبقا للمادة ‎)١١(‏ فقرة (؟) من ذات القانون فإنه تعدل أسعار العقود المبرمة بين
مكلفين أو بين أطراف إحداهما مكلف والسارية وقت فرض الضريبة وضريبة
الجدول أو عند تعديل فئاتها بذات قيمة عبء الضريبة أو تعديلها.
تعريراً في: د/ ‎015/٠١‏
‏مدير إدارة رئيس المأمورية"
13,"ثانيا: التعليمات والمنشورات الصادرة بشأن قانون الضريبة على القيمة المضافة
وزارة الماليه
مصلحة الضرانب المصريه (قيمه مضافه )
الاداره العامه للبحوث الضريبيه
الاداره العامه لبحوث سلع الجدول
السيد الاستاذ/ رئيس الادارة المركزية للتعريفة رقيمة ومنشأ )
بمصلحة الجمارك المصرية
75 والذى تم نشره فى الجريدة الرسمية بتاريخ 5*1 ويعمل به من اليوم التالى
لتاريخ نشره وأنه وفقا للفقرة الثانيه من المادة (5) من القانون المشار إليه فانه تستحق
الضريبة بالنسبة للسلع المستوردة أيا كان الغرض من إستيرادها بما فى ذلك مايكون
للاستهلاك الشخصى أو الاستخدام الخاص فى مرحلة الإفراج عنها من الجمارك بتحقفق
الواقعة المنشأة للضريبة الجمركية كما تستحق فى كافة مراحل تداولها داخل البلاد بعد
الإفراج عنها وتطبق فى شأن السلع المستوردة القواعد المتعلقة بالانظمة الجمركية الخاصة
وذلك فيما لم يرد بشأن نص خاص فى هذا القانون.
وقد نصت المادة ‎)٠١(‏ بند ‎٠١‏ فقرة ثانيا (أ) بشأن تحديد القيمة التى تتخذ أساسا لربط
الضريبة بالنسبة لمبيعات السلع الواردة بالجدول المرافق للقانون بعاليه على أنها القيمة
المتخذة أساسا لتحديد الضريبة الجمركية مضاف ليها الضرائب الجمركية وغيرها من
الضرانب والرسوم المفروضة وضريبة الجدول.
كما نصت المادة (9”) بشأن تحديد القيمة التى تتخذ اساس لربط ضريبة الجدول فقرة (ب)
سلع وخدمات مستوردة على أنها القيمة التى تتخذ اساسا لربط الضريبة الجمركية مضاف
إليها الضريبة الجمركية وغيرها من الضرائب والرسوم المفروضة.
الجدول والضريبة على القيمة المضافة للسيارات المستورد كما بالمثال التالى:"
14,"ثانيا: التعليمات والمنشورات الصادرة بشأن فانون الضريبة على القيمة المضافة.
بفرض أن القيمة المتخذة لحساب الضريبة الجمركية لسيارة مستوردة (س) بسعة ممهاع
‎٠0٠٠‏ جنيه وفئة ضريبة الجدول ‎١‏ , فئنة ضريبة القيمة المضافة ‎9١”‏ , ضريبة
الوارد ‎905٠‏ , خدمة الضمان ‎٠٠٠١‏ جنيه , رسم التنمية 907.
ضريبة الوارد - ‎٠٠6 - 0/050 «8 )٠١٠١١+3١١٠١١١9(‏ ب#جنيه
وعاء إحتساب رسم التنمية - سعر السيارة + ضريبة الوارد + خدمة الضمان -
فثيايءة !| طج اب يع .5 لدي وه اع ‎١ ٠‏ جنيه
رسم التنمية - ‎١54١5٠6٠‏ 907 - 4747 جنيه
ومن ثم يكون إحتساب وعاء ضريبة الجدول - سعر السيارة + ضريبة الوارد + خدمة
الضمان + رسم التنمية - مثعثيءأاط+4.ء.565+..6 +5555 ‎١55155-‏ جنيه
ضريبة الجدول - ‎١455747 - 90١ «١54551547‏ جنيه
وعاء إحتساب ضريبة القيمة المضافة - سعر السيارة + ضريبة الوارد + خدمة الضمان
+ رسم الثذ 3 لتنمة + ضريبة الح دول - .....١+..ةع.4+5...١(+55+5555‏ 5ه:ة١اد-‏
65 جنيه
ضريبة القيمة المضافة - ‎١11778 90١* 2 ١541.9/8.57‏ جنيه
مع ضرورة فصل قيمة ضريبة القيمة المضافة عن ضريبة الجدول فى كلا من شهادات
الافراج وإيصالات السداد.

ونفضلوا بقبول فائق الاحتزام .
تعريراً في: ‎7١10/1١/17‏
‏مدير عام الاداره العامة لبحوث ساع الجدول رئيس الادارة المركزيه للبحوث الضريبيه"
15,"ثانياً: التعليمات والمنشورات الصادرة بشأن قانون الضريبة على القيمة المضافة
وزارة الماليه
مصلحة الضرائب المصريه (قيمه مضافه )
الاداره العامه للبحوث الضريبيه
الاداره العامه لبحوث سلع الجدول
السادة/ شركة .............. لتوزيع الكهرباء

- إيماءا إلى كتاب سيادتكم الوارد إلينا برقم ‎58٠06‏ بتاريخ ‎٠١١7/1/7١‏ بشأن طلب
الإفادة بالرأى عن المعاملة الضريبة لكلا من أعمال مقايسات توريد وتركيب
التوصيلات الكهربائية للمنازل والشركات والمصانع - أعمال المقياسات الاشرافية
التى تقوم بها الشركة - أعمال المشغولات الداخلية- خدمة العملاء.

- نتشرف بالإحاطة: بأنه طبقا لأحكام القانون 5:7 لسنة ‎7٠١١5‏ الصادر بشأن الضريبة
على القيمة المضافة فإن:

- المقاولات وأعمال التشييد والبناء (توريد وتركيب) تخضع لضريبة الجدول بفئة
5 وفقا للبند أولا سلع وخدمات تخضع لضريبة الجدول فقط مسلسل رقم (1) من
الجدول المرافق للقانون.

- وعليه فإن أعمال توريد وتركيب التوصيلات الكهرباتية المؤداه بمعرفة الشركة
لصالح عملائها تخضع لضريبة الجدول بفئة 905 من القيمة.

- الخدمات المهنية والاستشارية تخضع لضريبة الجدول بفنة ‎9,6٠١‏ من القيمة وفقا
للبند أولا سلع وخدمات تخضع لضريبة الجدول فقط (مسلسل ؟١)‏ من الجدول
المرافق للقانون.

- وعليه فإن أعمال المقايسات الإشرافيه والتصميمات المؤداه بمعرفة الشركة لصالح
عملائها تخضع لضريبة الجدول بفئة ‎9,6٠١‏ من القيمة.

- المشغولات الداخلية (الاثشاث المكتبى, اللوحات الارشادية) تخضع لضريبة القيمة
المضافة بفئة 7١90من‏ القيمة."
16,"ثانيا: التعليمات والمنشورات الصادرة بشأن ققانون الضريبة على القيمة المضافة.
- إنتاج أو نقل أو بيع أو توزيع التيار الكهربائى معفاة من الضريبة على القيمة
المضافة وفقا لنص المسلسل رقم ‎)١١(‏ من قائمة السلع والخدمات المعفاة من
الضريبة على القيمة المضافة المرافقة للقانون.
- ومن سم فإن الميالغ المحصلة بفاتورة الاستهلاك الشهرية نظير (قراءة العدادات)
تحصيل قيمة فواتير إستهلاك الكهرباء تعد معفاة من الضريبة على القيمة المضافة
وفقا لنص المسلسل سالف الذكر.
- علما بأن وفقا لأحكام المادة رقم ‎١١‏ من القانون سالف الذكر تعدل أسعار العقود
المبرمة بين مكلفين أو بين أطراف أحدها مكلف والسارية وقت فرض الضريبة
وضريبة الجدول أو عند تعديل فئاتها بذات قيمة عبء الضريبة أو تعديلها.
ونفضلوا بقبول فائق الاحزام. .
تعريراً في: ‎7١10/٠١/1١‏
‏مدير عام الاداره العامة لبحوث ساع الجدول رئيس الادارة المركزيه للبحوث الضريبيه"
17,"ثانيا: التعليمات والمنشورات الصادرة بشأن قانون الضريبة على القيمة المضافة
وزارة الماليه
مصلحة الضرانب المصريه (قيمه مضافه )
الاداره المركزيه للإعفاءات ورد الضريبه
السيد المهندس/ رئيس مجلس إذارة شركة ...........................
خَينْ طيبة وبعل»,
- إيماء إلى كتاب سيادتكم المؤرخ ‎7٠٠١/٠١/١7‏ بطلب إعفاء الشركة العربية
لأنابيب البترول (سوميد) من الضريبة على القيمة المضافة.
- نتشرف بالإحاطة أنه وفقا لأحكام المادة الثامنة من القانون رقم ‎٠١١5/5177‏ بإصدار
قانون الضريبة على القيمة المضافة فقد انتهى الرأى إلى إعفاء شركة سوميد من
الضريبة على القيمة المضافة استنادا لنص المادة ‎١1/‏ من قانون تأسيس الشركة رقم
الضرائب الجمركية وغيرها من الضرائب والرسوم فيما يتعلق باستيراد الآلات
والمعدات والسيارات والمهمات والمنقولات الاخرى بناء على إقرار من المؤسسة
المصرية العامة للبترول بأنها مستوردة لتنفيذ عمليات الشركة واستنادا للقانون رقم
‎٠‏ لسنة ‎١117‏ بإطالة مدة الشركة العربية لأنابيب البترول سوميد.
ونفضول بقبول فائق الاحتزام, ,
تحريراً في : ‎7010/1١/٠١‏
‏رئيس الادارة المركزيه للإعفاءات ورد الضريبه رئيس قطاع البحوث والسياسات الضريبيه"
18,"ثانيا: التعليمات والمنشورات الصادرة بشأن فانون الضريبة على القيمة المضافة.
وزارة الماليه

مصلحة الضرانب المصريه (قيمه مضافه )
الاداره العامه للبحوث الضريبيه

الاداره العامه لبحوث السلع العامه والمستورده

خَينْ طيبة وبعل»,

- إيماءا إلى كتاب سيادتكم الوارد إلينا برقم ”15 بتاريخ ‎٠١١7/41/75‏ بشأن طلب
الافادة بالرأى عن المعاملة الضريبية للأصناف من ( بن تركى, بن سريع الذوبان,
محوجة, شوكو بارليكو, شاى سريع الذوبان).

- نتشرف بالإحاطة بأنه طبقا لأحكام القانون رقم (51) لسنة ‎٠١١5‏ بإصدار قانون
الضريبة على القيمة المضافة فإن:
السلع والخدمات المعفاة المرافقة للقانئون سالف الذكر.

- ومن ثم فإن البن الاخضر والبن المحمص والمطحون إن كان محوجا معفسى مسن
الضريبة على القيمة المضافة طبقا لنص المسلسل سالف الذكر.

- أما الشاى سريع الذوبان والقهوه سريعة الذوبان وكذا المنتجات المحتويه على قهوة
سريعة الذوبان (كابتشينو- كوفى ميكس ‎١7 / ١7”‏ - كوفى لاتيه - قهوه محوجه
- شو كابرليكو) طبقا لمكوناته الواردة بالاستفسار عاليه تخضع لضريبة القيمة
المضافة بفئة ‎9١“‏ من القيمة عن العام المالى ‎7٠١١/50١5‏ و ‎)96١5(‏ اعتبارا
من ‎١ 0١‏ بإعتبارها تخرج عن مفهوم نص المسلسل (5) سالف الذكر.

تعريراً في: ‎7015/1١/1١‏

مدير عام بحوث السلع العامه والمستورده رئيس الادارة المركزيه للبحوث الضريبيه"
19,"ثانيا: التعليمات والمنشورات الصادرة بشأن قانون الضريبة على القيمة المضافة
وزارة الماليه

مصلحة الضرانب المصريه (قيمه مضافه )
الاداره العامه للبحوث الضريبيه

الاداره العامه لبحوث السلع العامه والمستورده

السيد الاستاذ/ رئيس الادارة المركزيه للتعريفه والقيمة والمنشأً
مصلحة الجمارك- الاسكندريه
خَينْ طيبة وبعل»,

- إيماءا إلى كتاب سيادتكم الوارد إلينا برقم 117 بتاريخ ‎7٠١١/٠١/9‏ بشان طلب
الإفادة بالرأى عن المعاملة الضريبة لاحشاء وأطراف وجلود ومصارين ومعدة
ومثانات الحيوانات أو الطيور سواء الطازج أو المبرد أو المملح ( فى ماء مملح)
فى ظل تطبيق الضريبة على القيمة المضافة وكذا كتاب سيادتكم الوراد إلينا برقم
5 بتاريخ ‎3١١/٠١/١7‏ الموجه لقطاع الشئون التنفيذية فى ذات الموضوع.

- نتشرف بالاحاطه بأنه طبقا لأحكام القانون رقم (51) لسنة ‎٠١١5‏ بإصدار قانون
الضريبة على القيمة المضافة فقد إنتهى رأى اللجنة المشتركة بين المصلحة
ومصلحة الجمارك إلى:

- الذبائح كاملة أو أجزاؤها سواء طازجة أو مبرده أو مجمده وإن كانت معبأة مع
الملح لتظل طازجه بصورة مؤقتة أثناء النقل معفاة من الضريبة طبقا لنص المسلسل
رقم ؟ من قائمة السلع والخدمات المعفاة المرافقة للقانون سالف الذكر.

- برجاء التفضل بالتنبية على كافة المنافذ الجمركيه لمراعاة ذلك عند التطبيق.

تعريرا في: ‎7.15/٠5‏

مدير عام بحوث السلع العامه والمستورده رئيس الادارة المركزيه للبحوث الضريبيه"
20,"ثانيا: التعليمات والمنشورات الصادرة بشأن قانون الضريبة على القيمة المضافة.
السيد الاستاذ/
خَينْ طيبة وبعل»,

- إيماء إلى كتاب سيادتكم الوارد إلينا برقم ‎١7417‏ بتاريخ ‎٠١١7/٠١/١5‏ بشأن طلب
الافادة بالرأى عن مدى الخضوع الضريبى لخدمات التخليص الجمركى والشحن
والنقفل الجوى والبحرى والبري والتجارة العامة والتوزيع والتوكيلات التجارية
والتوريدات العمومية والاستيراد فى ظل قانون الضريبة على القيمة المضافة.
على القيمة المضافة فأن:
الخدمات المهنيه والاستشاريه الواردة بالمسلسل رقم ‎)١١(‏ بند اولا من جدول السلع
والخدمات الخاضعة لضريبة الجدول فقط المرافق للقانون سالف الذكر ووعاء
الضريبة هو القيمة المدفوعة مقابل الخدمة.

- خدمات الشحن البحرى والجوى والتفريغ والنقل البرى والنهرى تخضع لضريبة
من ‎٠١١5/7/١‏ 75,.

- أمافى حالة اداء تلك الخدمات على سلع مصدرة للخارج فانها تخضع للضريبة على
التنفيذيه.

- التوريدات العموميه للسلع الخاضعة فتخضسع للضريبة على القيمة المضافة بالفئات
المقررة للقانون ومن ثم فإن شركتكم مطالبة بالتسجيل لدى المصلحة عن ممارستها
للسلع أو خدمات خاضعة للضريبة وفقا لحد التسجيل المقرر قانونا.

ونقضلوأ بقبول فائق الاحزام..
تعريراً في: ‎7011/1١/7‏
‏مدير عام الادارة العامة لبحوث الخدمات رئيس الادارة المركزية للبحوث الضريبية"
21,"نانيا: التعليمات والمنشورات الصادرة بشأن قانون الضربية على القيمة المضافة
مصلحة الضرانب المصريه (قيمه مضافه )
الادارة المركزيه للبحوث الضريبيه
الاداره العامة لبحوث السلع العامه والمستورده
ملف رقم ‎5/1/5/1/1١‏ سلع معفاد مدعومه
السيد الاستاذ/ رئيس الادارة المركزية للتعريفة والقيمة والمنشأً
مصلحة الجمارك- الاسكندريه
خَينْ طيبة وبعل»,
- نظر لورود العديد من الاستفسارات الواردة للادارة بشأن المعاملة الضريبة للنظارات الطبية
والعدسات الطبيه والنظارات الشمسية والعدسات اللاصقة.
- نتشرف بالأحاطة بأنه وفقا لأحكام القانون رقم 1"" لسنة ‎٠١١5‏ بأصدار قانون الضريبة على القيمة
المضافة فإن:
- مقاعد ذات عجل وأجزاؤها وقطعها المنفصلة وأعضاء الجسم الصناعية وأجزاؤها وأجهزة تسجيل
السمع للصم وأجزائها وغيرها من الاجهزة التى تلبس أو تحمل أو تزرع فى الجسم لتعويض نقص
أو عجز أو عاهة وأجزائها ولوازمها وأجهزة الغسيل الكلوى وأجزاؤها ولوازمها بما فيها مرشحات
الكلى الصناعية وحضانات الاطفال معفاة من الضريبة على القيمة المضافة طبقا لنص المسلسل رقم
(؟"") من قائمة السلع والخدمات المعفاة المرافقة للقانون سالف الذكر
- ومن ثمفأن النظارات الطبية وأجزائها من شنابر وعدسات معفاة من الضريبة على القيمة المضافة
طبقا لنص المسلسل سالف الذكر باعتبارها من الاجهزة التى تحمل لتعويض نقص أو عجز أو عاهة.
- العدسات الطبية اللاصقة لتصحيح الابصار معفاة من الضريبة على القيمة المضافة باعتبارها من
الاجهزة التى تلبس لتعويض نقص أو عجز أو عاهة.
- النظارات الشمسية والعدسات اللاصقة الملونة تخضع للضريبة بفئنة ”7١9من‏ القيمة اعتبارا من
‎87/0١‏ و ‎0١5‏ اعبتارا من ‎٠١1١/7/١‏ باعتبارها تخرج عن مفهوم نص المسلسل سالف
الذكر.
ونقضلوأ بقبول فائق الاحزام..
تخريرا في : ‎7017/٠١/75‏
‏مدير عام بحوث السلع العامه والمستورده رئيس الادارة المركزيه للبحوث الضريبيه"
22,"ثانيا: التعليمات والمنشورات الصادرة بشأن قانون الضريبة على القيمة المضافة.
وزارة الماليه
مصلحة الضرانب المصريه ( ضريبه على القيمه المضافه )
الاداره المركزيه للبحوث الضريبيه
الادارة العامه لبحوث الخدمات
خَينْ طيبة وبعل»,

- إيماء إلى كتاب سيادتكم الوارد إلينا برقم ‎١١74‏ بشأن طلب الافادة بالرأى عن المعاملة
الضريبية لإيجارات المحلات (المجهزة والغير مجهزة) والمؤجرة من الفنادق أو الشركات
المالكة لتلك الفنادق وذلك فى ظل تطبيق قانون الضريبة على القيمة المضافة.

- نتشرف بالإحاطة ..... بأنه وفقا لأحكام القانون رقم 530 لسنة ‎73١١5‏ بإصدار قانون الضريبة
على القيمة المضافة فإنه:

- تفرض الضريبة على السلع والخدمات بما فى ذلك السلع والخدمات المنصوص عليها فى
الجدول المرافق لهذا القانون سواء كانت محلية أو مستوردة فى كافة مراحل تداولها إلا ما

- بيع وتأجير الاراضى الفضاء والاراضى الزراعية والمبانى والوحدات السكنية والغير سكنية
معفاة من الضريبة على القيمة المضافة طبقا للبند رقم ‎)١8(‏ من قائمة السلع والخدمات
المعفاة من الضريبة على القيمة المضافة.

- وعليه فإن خدمة تأجير المحلات سالفة الذكر من الفنادق أو الشركات المالكة للفنادق تخضع
للضريبة على القيمة المضافة بفئة ‎90١”‏ من القيمة وذلك اعتبار من ‎2١١7/93/8‏ وبفئة
‎901١ 5‏ من القيمة إعتبار من ‎7٠١١/72/١‏ حيث أنها تخرج عن نطاق بند الاعفاء سالف الذكر.

تعريراً في : ‎11/1١/7١‏

مدير عام الادارة العامة لبحوث الخدمات رئيس الادارة المركزية للبحوث الضريبية"
23,"ثانيا: التعليمات والمنشورات الصادرة بشأن قانون الضريبة على القيمة المضافة
وزارة الماليه
مصلحة الضرانب المصريه ( ضريبه على القيمه المضافه )
الاداره المركزيه للبحوث الضريبيه
الادارة العامه لبحوث الخدمات
السيد الاستاذ/ رئيس الادارة المركزية للتعريفة (مصلحة الجمارك )
خَينْ طيبنٌ وبعل»,
- إيماء إلى كتاب سيادتكم الوارد إلينا برقم ‎٠١77‏ بتاريخ ‎٠١17/٠١/١١‏ بشأن طلب الإفادة
بالرأى عن المعاملة الضريبة للأصناف من (كبده, قلوب, كلاوى) بقري مجمدة معبأة داخل
أكياس مشمول البيان الجمركى رقم 17/517؟” فى ‎7١77/١١/5‏ الأمدم اااي
- نتشرف بالإحاطة بأنه طبقا لأحكام القانون 51 لسنة ‎٠١١5‏ بإصدار قانون الضريبة
على القيمة المضافة فقد إنتهى الرأى بالمصلحة إلى ان:
- الحيوانات والطيور الحية أو المدبوحة أو المبردة أو المجمدة معفاة من الضريبة
طبقا لنص المسلسل رقم 8 من قائمة السلع والخدمات المعفاة المرافقة للقانون سالف
الذكر.
- ومن ثم فإن الكبده , قلوب , كلاوى بقرى مجمدة معفاة من الضريبة على القيمة
المضافة طبقا لنص المسلسل سالف الذكر.
تعريراً في : ‎11/1١/7١‏
‏مدير عام بحوث السلع العامة والمستوردة رئيس الادارة المركزية للبحوث الضريبية"
24,"ثانيا: التعليمات والمنشورات الصادرة بشأن فانون الضريبة على القيمة المضافة.
وزارة الماليه
مصلحة الضرانب المصريه
الاداره المركيزه للبحوث الضريبيه الاداره العامله لبحوث
السلع العامه والمستورده
خَينْ طيبة وبعل».
- إيماء إلى كتاب سيادتكم الوارد إلينا برقم ‎14١5١‏ بتاريخ ‎٠١١7/41/5١‏ بشأن طلب
الإفادة بالرأى عن فئة ضريبة القيمة المضافة المستحقة على شاشات العرض
والتليفزيونات جميع المقاسات والأحجام.
- نتشرف بالاحاطة بأنه وفقا لأحكام القانون 517 لسنة ‎٠١١5‏ بإصدار قانون الضريبة
على القيمة المضافة فإن:
»رو ‎0١5‏ اعتبار من ‎.)35١١1/7/١‏
‏العام للضريبة الموضح بعاليه.
- مع مراعاة ان شاشات عرض بلازما أو ») أو غيرها مجهزة بأنظمة اتصالات
تتوافق مع الاتصال بأجهزة متعددة كوسائط مثل أجهزة (الحاسابات الاليه- 607-
0170- فيديو...الخ) لتقسوم بوظيفة شاشة عرض فقط لهذه الاجهزة أى أن لها إمكانية
أن تظهر وتذيع صورا من هذه الوسائط تخضع للضريبة علي لقي لقبمة المضافة فقط
١لا‏ 0)."
25,"ثانيا : التعليمات والمنشورات الصادرة بشأن فانون الضريبة على القيمة المضافة
- اما إذا كانت مشتملة على تيونر تليفزيونى (اع الا - موأباعاعع) او مشتملة بداخلها
الارسال التليفزيونى تعتبر فى هذه الحالة أجهزة استقبال للارسال التليفزيونى
(تليفزيون) وتخضع للضريبة على القيمة المضافة وضريبة الجدول أو للضريبة
على القيمة المضافة فقط بحسب الاحوال حسب مقاسات الشاشة بوحدة البوصة
ووفقا للفئات الموضحة بعاليه.
تحريراً في: ‎""0٠/1171‏
‏مدير عام بحوث السلع العامه والمستورده رئيس الادارة المركزيه للبحوث الضريبيه"
26,"ثانيا: التعليمات والمنشورات الصادرة بشأن قانون الضريبة على القيمة المضافة.
وزارة الماليه
مصلحة الضرانب المصريه ( ضريبه على القيمه المضافه )
الاداره المركزيه للبحوث الضريبيه
الادارة العامه لبحوث الفذيه
الفعاذة شرقة/....................

الإفادة بالرأى عن مدى أحقية الشركة فى خصم الضريبة السابق سدادها على
مدخلاتها من السلع والخدمات وقطع الغيار وذلك عند حساب الضريبة المستحقة
على مبيعات الشركة من الحلوى المصنعة من عجين(نواشف- تورت- جاتوهات).

- نتشرف بالإحاطة بأنه طبقا لأحكام المادة ؟١؟‏ من القانون رقم 5 لسنة ‎5١١5‏
‏بإصدار قانون الضريبة على القيمة المضافه فإنه:

- للمسجل عند حساب الضريبة أن يخصم من الضريبة المستحقة على قيمة مبيعاته
من السلع والخدمات ماسبق سداده أو حسابه من ضريبة على المردودات من مبيعاته
وماسبق تحميله من هذه الضريبة على مدخلاته بما فيها الضريبة السابق تحميلها
طبقا للحدود وبالشروط والأوضاع التى تحددها اللائحة التنفيذيه.

- ولايسرى الخصم المنصوص عليه فى الفقرة الأولى من هذه المادة على مايأتى:
خدمات خاضعة للضريبة وذلك فيما لم يرد به نص خاص فى هذا القانون.

- ومن ثملايحق لكم خصم الضريبة السابق سدادها على المدخلات عند حساب

- ومن الجدير بالذكر فإن الآلات والمعدات المستخدمة فى الإنتاج تخضع للضريبة
إقرار ضريبى. 1 ‎١‏

- كما يحق للشركة تسوية الضريبة السابق سدادها على أجزاء الآلات والمعدات وقطع
فقط من قيمة ضريبة الجدول فى حدود المستحق منها حتي يتم إستنفاذها.

ونفضلوأ بقبول فائق الاحزّام»»
تعريراً في: ‎""01٠/1١7‏
‏مدير عام الادارة العامة للبحوث الفنية رئيس الادارة المركزيه للبحوث الضريبيه"
27,"ثانيا: التعليمات والمنشورات الصادرة بشأن فانون الضردبة على القيمة المضافة
وزارة الماليه
مصلحة الضرانب المصريه ( ضريبه على القيمه المضافه )
الاداره المركزيه للبحوث الضريبيه
الادارة العامه لبحوث الخدمات
السيد الاستاذ/ رئيس الإدارة المركزية للتعريفة ( مصلحة الجمارك )
خَينْ طيبة وبعل»,

الضريبية صنف مرق ماجى لحوم ودواجن وكذا مرق ماجى خضروات فى ظل
على القيمة المضافة فقد إنتهى الرآى بالمصلحة إلى أن:

- محضرات وأصناف محفوظة أو مصنعه أو مجهزه من اللحوم معفاة من الضريبة
طبقا لنص المسلسل رقم 5 من قائمة السلع والخدمات المعفاة المرافقة للقانون سالف
الذكر.

- ومن شم فإن صنف مرق ماجى لحوم ودواجين المستورد منه والمحلسى معفسى مسن
الضريبة طبقا لنص المسلسل سالف الذكر.

- الخضر والفواكه المسنعه محليا عدا البطاطس والعصائر ومراكزاتها معفاة مسن
الضريبة طبقا لنص المسلسل رقم ‎)١4(‏ من قائمة السلع والخدمات المعفاة المرافقة
للقانون سالف الذكر.
القيسة المضافة تطبيقا لنص المسلسل رقم ‎)١4(‏ سالف الذكر ويخضع المثيل
5 901 إعتبارا من ‎,70117/17/١‏

- برجاء التفضل بالتنبيه على كافة المنافذ الجمركية لمراعاة ذلك عند التطبيق.

تعريراً في: ‎""١1/1١/1١‏
‏مدير عام الادارة العامة لبحوث ساع الجدول رئيس قطاع البحوث والسياسات الضريبية"
28,"ثانيا: التعليمات والمنشورات الصادرة بشأن فانون الضريبة على القيمة المضافة.
وزارة الماليه
مصلحة الضرانب المصريه ( ضريبه على القيمه المضافه )
الاداره المركزيه للبحوث الضريبيه
الادارة العامه لبحوث الخدمات
خَينْ طيبة وبعل»,
- إيماءا إلى كتاب سيادتكم الوارد إلينا برقم ‎١١55‏ بتاريخ ‎٠١١7/4/5١‏ بشأن طلب
الإفادة بالرأى عن المعاملة الضريبية للعقد المبرم بينكم وبين شركة الوطنية للسيارات
(ناتكو) المؤرخ ‎0.8١15‏ الخاص بادارة الموارد البشرية (توريد عمالة) فى ضسوء
تطبيق قانون ضريبة القيمة المضافة.
- نتشرف بالإحاطة بأنه وفقا لأحكام قانون الضريبة على القيمة المضافة رقم 57 لسنة
- تفرض الضريبة على السلع والخدمات بما فى ذلك السلع والخدمات المنصوص عليها
فى الجدول المرافق لهذا القانون سواء كانت محلية أو مستورد فى كافة مراحل تداولها
إلااما استثتى بنص خاص.
- وحيث أنه بالاطلاع على إستمارة التأمينات يتضح أن العمالة المؤمن عليها باسم
شركتكم وبالتالى تابعه لكم.
- ومن ثم فإن خدمات توريد العمالة الوارده بالعقد المشار إليه بعاليه تخضع للضريبة على
القيمة المضافة بفئة ‎90١”‏ من القيمة إعتبارا من ‎70١7/94/8‏ و59١9‏ إعتبارا من
ااا
ونقضلوا بقبول فائق الاحيزام»»
تعريراً في: ‎7015/1١71‏"
29,"ثانياً: التعليمات والمنشورات الصادرة بشأن فانون الضريبة على القيمة المضافة
وزارة الماليه
مصلحة الضرانب المصريه ‎١‏ ضريبه على القيمه المضافه )
الاداره المركزيه للبحوث الضريبيه
الادارة العامه لبحوث الخدمات
خَينْ طيبة وبعل»,

- إيماء إلى كتاب سيادتكم الوارد إلينا برقم ‎١١75‏ بتاريخ ‎٠١١1/31/58‏ بصفتكم مراقب
حسابات مجموعة........ العاملة عن طريق فروع لها بجمهورية مصر العربية طلب الافادة
بالرأى عن المعاملة الضريبية عن بنود الاستفسارات الواردة بكتباكم سالف الإشارة.

- تفرض الضريبة على السلع والخدمات بما فى ذلك السلع والخدمات المنصوص عليها فى
الجدول المرافق لهذا القانون سواء كانت محلية أومستوردة في كافة مراحل تداولها إلا ما
استنثنى بنص خاص.

- إيرادات بيع تذاكر السفر للركاب ومقابل بيع تذاكر العفش الزائد المصاحب للركاب وكذا
مقابل تاجيل أو إلغاء حجز السفر معفاة من الضريبة على القيمة المضافة تطبيقا لنص
المسلسل ؛ بقائمة السلع والخدمات المعفاة من الضريبة على القيمة المضافة المرافق للقانون.

- تخضع البضائع المصدرة إلى الخارج للضريبة بسعر صفر وذلك طبقا للشروط والقواعد التى
تحددها اللائحة التنفيذيه.

- الشحن الجوى للبضائع داخل الحدود الاقليمية يخضع للضريبة على القيمة المضافة بفئة
‎0١*‏ من القيمة وذلك إعتبارا من ‎٠١١5/9/4‏ و5١90‏ من القيمة اعتبارا من ١//7//ا1١١7,‏

- العمولات التى تدفع لشركات السياحة مقابل إصدار تذاكر الطيران تخضع للضريبة على
القيمة المضافة بفئة ‎90١”‏ من القيمة وذلك إعتبارا من ‎7٠١١/9/8‏ و0 ‎90١5‏ من القيمة
إعتبارا من ‎.5١1١10/0/١‏

- مقابل أتعاب المحاسبة والمحاماة تخضع لضريبة الجدول بواقع ‎99٠١‏ من القيمة المدفوعة
فعلا مقابل الخدمة باعتباراها من الخدمات المهنية والاستشارية تطبيقا لنص المسلسل رقم ‎١7‏
‏من الجدول بند أولا المرافق للقانون سالف الذكر وذلك إعتبارا من ‎.5١١7/9/8‏"
30,"ثانيا: التعليمات والمنشورات الصادرة بشأن فانون الضريبة على القيمة المضافة.

- أعمال الصيانة تخضع للضريبة على القيمة المضافة بفئة ‎90١7‏ من القيمة وذلك إعتبارا من
51/76 و 15ل من ١//7//ا١ ‎75١‏

- الطائرات المدنية ومحركاتها وأجزائها ومكوناتها وقطع غيارها والمعدات اللازمة لاستخدامها
وكذلك الخدمات التى تقدم لهذه الطائرات داخل الدائرة الجمركية سواء كانت هى أو محركاتها
أو أجزائها ومكوناتها وقطع غيارها ومعداتها والخدمات التى تقدم لها مستوردة أو محلية
وذلك طبقا للاحكام والقواعد الواردة باتفاق التجارة فى الطائرات المدنية الصادر بشأنها قرار
رئيس الجمهورية رقم ‎١‏ لسنة ‎١35/85‏ معفاة من الضريبة على القمية المضافة طبقا لنص
المسلسل ‎""١‏ بقائمة السلع والخدمات المعفاة من الضريبة على القيمة المضافة المرافق
للفانون.

""١1١7 / ‏تحريرافي:‎

مدير عام الادارة العامة لبحوث الخدمات رئيس الادارة المركزية للبحوث الضريبية"
31,"ثانيا: التعليمات والمنشورات الصادرة بشأن قانون الضريبة على القيمة المضافة
وزارة الماليه

مصلحة الضرانب المصريه ( ضريبة قيمه مضافه )
الادره المركزيه للبحوث الضريبه
الادارة العامة لبحوث سلع ا لجدول
السيد الاستاذ/ نصر أبوالعباس وشركاه( محاسب ومراجع فانونى )

؟ ميدان الاسماعيليه م. الجديده
خَينْ طيبة وبعل»,

- إيماءا إلى كتاب سيادتكم الوارد إلينا برقم 955 بتاريخ ‎7٠١١7/1١١/7‏ بشأن طلب
الافادة بالرأى عن كيفية إحتساب ضريبة القيمة المضافة على مبيعات الحلوى من
عجين (تورت/ جاتوهات) التى تباع للجمهور مسن خلال الفنادق دون تقديم خدمات

- نتشرف بالإحاطة بأنه وفقا لأحكام القانون 51 لسنة ‎7٠٠١5‏ بإصدار قانون الضريبة
على القيمة المضافة فإن:

- المقرمشات والمنتجات المصنعة من دقيق والحلشوى مسن عجين عدا الخبز بجميع
أنواعه تخضع لضريبة الجدول بفئة 905 من القيمة طبقا للبند أولا (إسلع وخدمات
الذكر.

- ومن ثم فإن الحلوى من عجين (تورتات وجاتوهات) تخضع لضريبة الجدول بفنة
5 من القيمة.

- ووفقا لاحكام المادة ‎)5١(‏ من القانون سالف الذكر فإن على كل منتج أو مؤدى أو
مستورد لسلعة أو لخدمة سن السلع أو الخدمات المنصوص عليها بالجدول المرافق
لهذا القانون أن يسجل نفسه لدى المصلحة مهما كان حجم مبيعاته أو إنتاجه.
إنتاجه حيث أن عدم التقدم للتسجيل فى المواعيد المحددة يعد تهربا من الضريبة
وضريبة الجدول وفقا لاحكام المادة (58) ويعاقب عليه بالعقوبات المنصوص عليها
فى المادة (60) من القانون سالف الذكر.

تحريرا في: ‎7١17/11/1‏
‏مدير عام الادارة العامة لبحوث ساع الجدول رئيس الادارة المركزيه للبحوث الضريبيه"
32,"ثانيا: التعليمات والمنشورات الصادرة بشأن قانون الضريبة على القيمة المضافة.
وزارة الماليه
مصلحة الضرانب المصريه ( ضريبه على القيمه المضافه )
الاداره المركزيه للبحوث الضريبيه
الادارة العامه لبحوث الخدمات
خَينَ طيبة وبعد»»,

- إيماءا إلى كتاب سيادتكم الوارد إلينا برقم 555 بتاريخ ‎٠١١7/4/٠١‏ بشأن طلب الإفادة
بالراى عن المعاملة الضريبية للخدمات التى يقدمها المكتب والمتمثلة فى خدمات
المراجعة على القوائم المالية بهدف إبداء الرأى المهنى عليها وخدمة الفحصص الضريبى
للعملاء واخدمات تأسيس الشركات و خدمات دراسة الجدوى والدراسات المالية
وخدمات إمساك الدفاتر نيابة عن العملاء وذلك بالقيد فى الدفاتر المحاسبية.

- نتشرف بالإحاطه بأنه وفقا لأحكام القانون 5:77 لسنة ‎7٠٠١5‏ بإصدار قانون الضريبة
على القيمة المضافة فإنه:

- الخدمات المهنية والاستشارية تخضع لضريبة الجدول بفئة ‎90٠١‏ من القيمة المدفوعة
فعلا وفقا للبند أولا مسلسل ‎١١‏ من الجدول المرافق للقانون سالف الذكر.

- ومن ثم فإن نشاطكم المشار إليه بعاليه يخضع لضريبة الجدول بفئنة ‎9٠١‏ من القيمة
المدفعوعة فعلا.

- ووفقا لأحكام المادة ‎١‏ الواردة بالقانون سالف الذكر فإنه على كل منتج أو مورد أو
للقانون أن يسجل نفسه لدى المصلحة مهما كان حجم مبيعاته أو إنتاجه.

- ومن ثم فأنه يتعين عليكم التقدم للتسجيل بالمصلحة مهما كان حجم مبيعاتكم أو إنتاجكم
حيث أن عدم التقدم للمصلحة للتسجيل فى المواعيد المحددة يعد تهربا من الضريبة
وضريبة الجدول وفقا لأحكام المادة 54 ويعاقب عليه بالعقوبات المنصوص عليها فسى
المادة 107"" من القانون سالف الذكر.

ونفضلوا بقبول فائق الاحؤام».

تحريرا في: 7015/11/71

مدير عام الادارة العامة لبحوث سلع الجدول رئيس البحوث والسياسات الضريبية"
33,"ثانيا: التعليمات والمنشورات الصادرة بشأن قانون الضريبة على القيمة المضافة
السيد الاستاذ/
خَينْ طيبة وبعل»,

- إيماء إلى كتاب سيادتكم الوارد إلينا برقم ‎٠١6١‏ بتاريخ ‎٠١١/٠١/1١8‏ بشأن طلب
الإفادة بالرأى عن فئنة ضريبة القيمة المضافة المستحقة على تعبئة الأصناف
(ينسون, نعناع, كركديه؛ قرفه, زنجبيل, زنجبيل بالليمون, قرفة بالزنجبيل, شاى
أخضر , شاى أخضر بالنعناع, تيليو بأوراق جوافه, كراويه).

- نتشرف بالإحاطة وفقا لأحكام القانون رقم 517 لسنة ‎7٠٠١١5‏ بإصدار قانون الضريبة
على القيمة المضافة فإن:

- الاصناف من التوابل المصنعة (زنجبيل, قرف, زنجبيل بالقرفه, زنجبيل بالليمون,
كراويه, ينسون) معفاه من الضريبة طبقا لنص المسلسل ‎)١5(‏ من قائمة السلع
والخدمات المعفاة المرافقة للقانون الضريبة على القيمة المضافة.

- المنتجات الزراعية التى تباع بحالتها الطبيعية بما فيها البذور والتفاوى والشتلات
عدا التبسبع معفاة من الضريبة طبقا لنص المسلسل ‎)١١(‏ من قائمة السلع والخدمات
المعفاة المراقفة من القانون سالف الذكر.

- الاصناف المصنعة من النباتات (الكركديه, النعناع, تيليون بأوراق جوافه) تخضع
‎70١‏ ه باعتبارها تخرج عن مفهوم نص المسلسل ‎)١١(‏ سالف الذكر.
نوافيكم حال الانتهاء من دارسة الموضوع.

تحريرا في: ‎7١17/11/1‏
‏مدير عام البحوث السلع العامة والمستورده رئيس الادارة المركزيه للبحوث الضريبيه
ل -- ]ص0"
34,"ثانيا: التعليمات والمنشورات الصادرة بشأن ققانون الضريبة على القيمة المضافة.
وزارة الماليه
مصلحة الضرانب المصريه ( ضريبه على القيمه المضافه )
الاداره المركزيه للبحوث الضريبيه
الادارة العامه لبحوث الخدمات
السيد الاستاذ/ نصر أبوالعباس وشركاه( محاسب ومراجع قانونى )
"" ميدان الاسماعيليه م.الجديده
خَينْ طيبة وبعل»,
- إيماءا إلى كتاب سيادتكم الوارد إلينا برقم 555 ‎١‏ بتاريخ ‎٠١١7/٠١/77‏ بشأن طلب
الإفادة بالرأى عن المعاملة الضريبة لعقود بيع وحدات بنظام إقتسام الوقت المععروف
ب عملم لاك ع ااا 1.
- نتشرف بالإحاطة بانه وفقا لاحكام القانون رقم 517 لسنة ‎7٠١١5‏ بإصدار قانون
الضريبة على القيمة المضافة فإن:
- تفرض الضريبة على السلع والخدمات بما فى ذلك السلع والخدمات المنصوص
عليها فى الجدول المرافق لهذا القانون سواء كانت محلية أو مستوردة فى كافة
مراحل تداولها إلا ما استثئنى بنص خاص.
- يعفى من الضريبة على القيمة المضافة بيع وتأجير الاراضى الفضاء والاراضسى
الزراعية والمبانى والحدات الكسنية وغير السكنية وذلك طبقا لنص البند (748) من
قائمة السلع والخدمات المعفاه من الضريبة على القيمة المضافة المرافقة للقانون
سالف الذكر.
- وعليه فإن عقود بيع وحدات بنظام إقتسام الوقت المعروف 111/5511888 تخرج
عن نطاق الإعفاءات المقررة قانون وتخضيع للضريبة على القيمة المضافة بفئة
اا
ونقضلوا بقبول فائق الاحيزام»»
تحريرا في: ‎7١17/11/1‏
‏مدير عام الادارة العامة لبحوث الخدمات رئيس الادارة المركزيه للبحوث الضريبيه
عادل إبراهيم السجاعى صلاح يوسف على"
35,"ثانيا: التعليمات والمنشورات الصادرة بشأن فانون الضريبة على القيمة المضافة
وزارة الماليه
مصلحة الضرانب المصريه ( ضريبه على القيمه المضافه )
الاداره المركزيه للبحوث الضريبيه
الادارة العامه لبحوث الخدمات
خَينْ طيبة وبعل»,
إلينا برقم ‎١١5٠١٠‏ بتاريخ ‎7٠0١١5/٠١/755‏ بشأن طلب الإفادة بالرأى عن المعاملة
الضريبة لعجائن الورق.
- نتشرف بالإحاطة بأنه وفقا لأحكام القانون 51 لسنة ‎7٠٠١١5‏ بإصدار قانون الضريبة
على القيمة المضافة تفرض الضريبة على السلع والخدمات بما فى ذلك السلع
مستوردة فى كافة مراحل تداولها الا مااستثنى بنص خاص.
‎)96١7(‏ إعتبار من ‎١5 , 7١١5/9/8‏ 9 إعتبار من ‎.75١١1/7//١‏
‏تعريراً في: :؟ 7 ‎7١15/1١‏
‏مدير عام بحوث السلع العامة والمستوردة رئيس قطاع البحوث والسياسات الضريبية"
36,"ثانيا: التعليمات والمنشورات الصادرة بشأن قانون الضريية على القيمة المضافة.
وزارة الماليه
مصلحة الضرانب المصريه ( ضريبه على القيمه المضافه )
الاداره المركزيه للبحوث الضريبيه
الادارة العامه للبحوث الفنيه
السيد الاستاذ/
خَينْ طيبة وبعل»,

- بمناسبة صدور القانون 5 لسنة ‎20١١5‏ بإصدار قانون القيمة المضافة وماترتب عليه من
خضوع المستخلصين الجمركيين للضريبة ووجوب تسجليهم طبقا للمادة ‎5١‏ من القانون

والجدول المرفق بالقانون بدوى حد تسجيل.

- نتشرف أن نرسل لسيادتكم رفق كتابنا هذا صورة من كتب السيد الأستاذ/ رئيس قطاع الشئون
الجمارك بشأن التنبيه على المستخلصين الجمركيين للتقدم للتسجيل بمصلحة الضرائب
- لذا يرجى التكرم بالإحاطة والتفضل والتبينه بما يلى:

3 التنبيه على الإدارة العامة لشئون المستخلصسين والإدارة الإلكترونيه لحمصر
المستخلصين بضرورة موافتنا ببيانات تفصيليه على أحد الوسائط الالكترونية (
فلاشة ‏ ع ) من المستخلصين (أشخاص طبيعية وإعتباريه) المسجلين ببسجل
المستخلصين الجمركيين والمرخص له بمزاوة هذه الاعمال

تحريرا في : ‎7١15711791‏
‏مدير إدارة إجراءات وبحوث المنافن مدير عام الشئون الفنية رئيس الادارة المركزيه للمنافذه الجمركيه
تسرب سيم رتكه 000005 | >"
37,"ثانيا: التعليمات والمنشورات الصادرة بشأن قانون الضريبة على القيمة المضافة
وزارة الماليه
مصلحة الضرانب المصريه ( ضريبه على القيمه المضافه )
الاداره المركزيه للبحوث الضريبيه
الادارة العامه لبحوث الخدمات
خَينْ طيبنٌ وبعل»,

- إيماء إلى كتاب سيادتكم الوارد إلينا برقم ‎١578‏ بتاريخ ‎٠١١5/١١/8‏ وبصفتكم
وكيلا عسن العسسيد/ .......................0.0....0..... بشأن طلب الإفادة بالرآى عسن
المعاملة الضريبية لنشاط نقل المواد البتروليه وكذا مدى الالتزام بالتسجيل لدى
المصلحة.

- نتشرف بالإحاطة وفقا لأحكام القانون رقم 57 لسنة ‎٠١١5‏ للضريبة على القيمة
المضافة فإنه:

- تفرض الضريبة على السلع والخدمات بما فى ذلك السلع والخدمات المنصوص
عليها فى الجدول المرافق لهذا القانون سواء محلية أو مستورده فى كافة مراحل
تداولها إلا مايستثنى بنص قانون.

- وعليه فإن خدمة نقل المواد البتروليه تخضع للضريبة على القيمة المضافة بفئنة
الا

- هذا مع عدم الاخلال بإستحقاق الضريبة على القيمة المضافة على أى أنشطة أخرى

- ويتعين على موكلكم التقدم للتسجيل لدى المصلحة حال مزاولته الانشطة سالفة الذكر
وبلوغها حد التسجيل المقرر قانون ‎2٠0٠‏ الف جنيه فى أى سنه ماليه او جزء منها.

تعريراً في: 0/177""

مدير عام الادارة العامة لبحوث الخدمات رئيس قطاع البحوث والسياسات الضريبية"
38,"ثانيا: التعليمات والمنشورات الصادرة بشأن قانون الضريبة على القيمة المضافة.
رئيس
مصلحة الضرانب المصريه ( ضريبة قيمه مضافه )
السيد الاستاذ الدكتور/ مجدى عبد العزيز
رئيس مصلحة الجمارك

- إيماء إلى كتاب سيادتكم المؤرخ ‎٠١١5/٠١/75‏ بشأن كتاب السيد الفريق رئيس
مجلس إدارة الهيئة العربيه للتصنيع رقم ‎١58١‏ فى ‎٠١15/9/5١‏ بشأن طلب إعفاء
الهيئة من ضريبة القيمة المضافة على السلع والخدمات المستورده اللازمه لإنتاجها
أو سير العمل بها وذلك دون الإخلال بخضوع خدمات التشغيل التى تؤديها الهيئة
للغير والمنتجات التى يتم بيعها لجهات غير معفاه من ضرية القيمة المضافة وذلك
إستنادا لأحكام إتفاقية تأسيس الهيئة العربيه للتصنيع المصدق عليها بقانون رقم ؟١‏
لسنة ‎١9175‏ وكذا أحكام القانون رقم ‎١١٠١‏ لسنة ‎١975‏ بشأن حصانات وإمتيازات
الهيئة العربية للتصنيع وأحكام القانون رقم ‎:5٠‏ لسنة ‎١979‏ وذلك فى ضوء تطبيق
‎١‏ لسنة ‎,١994١‏

- نتشرف بالإحاطة أن الهيئة العربية للتصنيع معفاه من أداء الضريبة على القيمة
المضافة على مايرد إليها من السلع والخدمات المستورده من الخارج واللازمه
لإنتاجها أو سير العمل بها وذلك إستنادا لأحكام المادة 7/9 من القانون رقم ‎١5٠١‏
‏لسنة ‎١975‏ وأحكام المادة الاولي من القانون رقم ‎""١‏ لسنة ‎١9729‏ والمادة الثامنه
من القانون رقم ‎١١‏ لسنة 7 واعمالا لنص المادة الثامنة من مواد إصدا القانون رقم
17"" لسنة ‎,5١١5‏

- رجاء التفضل بإصدار توجيهات سيادتكم إلى المنافذ الجمركية المختلفة لمراعاة ذلك.

تحريرا في: 7015/17/4
رئيس مصلحة الضرائب المصرية
عبد المنعم السيد مطر"
39,"ثانيا: التعليمات والمنشورات الصادرة بشأن قانون الضريبة على القيمة المضافة
فرارات
وزارة التجارة والصناعة
فرار رفم ؟1١71١‏ لسنة 5١1١؟‏
وزير التجارة والصناعة
بعد الإطلاع على القانون رقم ‎7١‏ لسنة ‎١1548‏ فى شأن تنظيم الصناعة وتشجيعها وعلم
القرار الجمهورى بالقانون رقم 15 لسنة ‎١154‏ بفسرض رسوم فحص وتحليل وإختبار
المواد والمنتجات الصناعية.
‎١:١ 554‏
وعلى القرار الجمهوري رقم ‎53١‏ لسنة ‎٠٠٠١5‏ بتنظيم الوزارة
وعلى القرار الجمهوري رقم 709 لسنة ‎2١١5‏ بتشكيل الوزارة
وعلى القرار الوزارى رقم 5415 لسنة ‎٠١١7‏
‏وعلى القرار الوزارى رقم 8 لسنة ‎”.1١‏
‏وعلى القرار الوزارى رقم 8 لسنة 5 ‎”.١‏
‏قرر
‏( المادة الاولى)
تضاف نسبة ‎)90١١(‏ قيمة ضريبة القيمة المضافة المقفررة بموجب القانون رقم /ا"" لسنة
57 إلى رسوم التحاليل والفحص والاختبارات والاستشارات الفنية والتدريب التى تقدمها
مصلحة الكيمياء وفروعها إعتبارا من ‎.5١0١1/١/١‏"
40,"ثانيا: التعليمات والمنشورات الصادرة بشأن قانون الضريبة على القيمة المضافة.
( المادة الثانية)
ينشر هذا القرار فى الوقائع المصرية يعمل به إعتبارا من تاريخ نشره وعلى الجهات
المخث لمختصة تنفيذه.
صدر فى ‎٠١15/١5/8‏ وزير التجارة والصناعة
مهندس/ طارق قابيل"
41,"ثانيا: التعليمات والمنشورات الصادرة بشأن قانون الضريبة على القيمة المضافة
رئيس
مصلحة الضرانب المصرية
تعليمات رقم ‎)١17(‏ لسنة ‎2١15‏
‏طبقا للمادة الثانية من القانون رقم /ا5 لسنة 5ه بإصدار قانون ‎١‏ لضريبة علْم لقي لقشلدمة
المضافة والتى نصت على أن ( يلغنى قانون الضريبة العامة على المبيعات الصادر بالقانون
رقم ‎١١‏ لسنة ‎١11١‏ كما يلغى كل نص يتعارض من أحكام هذا القانون على أن تستمر
لجان التوفيق والتظلمات المشكلة وفقا لاحكام قانون الضريبة العامة على المبيعات المشار
إليها فى نظر الطعون الضريبية المععسروض عليها لمدة شلاث أشهر على ان تحال بعدها
الطعون التى لم يفصل فيها إلى اللجان المنصوص عليها فى القانون المرافق).
وتنفيذا لهذا النص الذى تم العمل به إعتبارا من يوم ‎٠١١5/9/8‏ ( تاريخ اليوم التالى لنشر
القانون بالجريدة الرسمية) فانه إعتبار من يوم ‎٠١١5/١١/8‏ (تاريخ إنتهاء مدة الثلاث
أشهر) وتوحيدا للعمل داخل اللجان الداخلية ولجان الطعن المنصوص عليها فى هذا القانون
ولورود العديد من المناطق التنفيذيه.
فيتعين على جميع المواقع بالمصلحة تنفيذ الاتى على وجه الدقة:
أولا: الحالات التى تم نظرها أما لجنة التظلمات من نماذج 5١ض.ع.م‏ ولم يتم إحالتها إلى
لجنة التوفيق (تحال إلى اللجنة الداخلية المختصة).
ثانيا: الحالات التى تم إحالتها إلى لجنة التوفيق ولم يتم البت فيها ( تحال إلى اللجنة الداخلية
المختصة).
ثالثا: الحالات التى تم الانتهاء منها فى لجان التوفيق بعدم الاتفاق أو الاتفاق على جزء فقط
(تحال إلى لجان الطعن المختصة لاستنفاذ لجنة التوفيق ولايتها عليها).
رابعا: الحالات التى تم نظرها أمام اللجان الداخلية يستمر دراستها وبعد الانتهاء منها (تحال
إلى لجان الطعن المختصة)."
42,"ثانيا: التعليمات والمنشورات الصادرة بشأن فانون الضريبة على القيمة المضافة.
خامسا: الحالات الجارى بحثها أمام اللجان الداخلية يستمر دراستها وبعد الانتهاء منها
(تحال إلى لجان الطعن المختصة).
سادسا: الحالات التى فى حوزة لجان التظلمات العليا ولم يتم الانتهاء منها (تحال إلى لجان
الطعن المختصة).
سابعا: الحالات التى تم الانتهاء منها فى لجنة التظلمات العليا ( لاينطبق عليها الاحالة إلى
لجان الطعن المختصة).

تنفذ هذه التعليمات بكل دقة
تحريرا في: ‎7011/11/1١‏
‏رئيس مصلحة الضرائب المصرية
عماد سامى حسين"
43,"ثانيا: التعليمات والمنشورات الصادرة بشأن فانون الضردبة على القيمة المضافة
السيد الاستاذ/ نصر أبوالعباس وشركاه( محاسب ومراجع قانونى )
"" ميدان الاسماعيليه م. الجديده
توضيح المعاملة الضريبية لبعض الانشطة والسلع الواردة بكتابكم (بيوريه الفواكه,
مركز الطماطم, .... الطماطم, توريد الوجبات الغذائية).
القيمة المضافه.
35 الخضر والفواكه المصنعة محليا عدا البطاطس والعصائر ومركزاته معفاه مسن
الضريبة طبقا للبند ‎)٠١(‏ من قائمة السلع والخدمات المعفاه المرافقة للقانون سالف
الذكر.
- الاصناف من الفاكة المركزه , عصير الطماطم المركز, بيوريه الطماطم المركز,
‎)90١5(‏ إعتبار من ‎.70117/97/١‏
‏- لب الفاكهه المصنع محليا المتحصل عليها من تصفيه او هرس أو طحن الثمرة دون
إزلة القشرة معفى من الضريبة وفقا لنص البند (4؛ ‎)١‏ سالف الذكر.
- خدمة توريد الوجبات الغذائية فإنها تخضع للضريبة بذات السعر العام بعاليه.
تحريرا في: 7017/11/17
صلاح يوسف على"
44,"ثانيا: التعليمات والمنشورات الصادرة بشأن قانون الضريبة على القيمة المضافة.
وزارة المالية
مصلحة الضرائب المصريه
تعليمات رفم (18) لسنة ‎٠١1١5‏
‏المادة ‎)١١(‏ من قانون الضريبة على القيمة المضافة رقم 17 لسنة ‎73١١1‏ والتى نصت
على:
( تضاف قيمة الضريبة إلى سعر السلع أو الخدمات بما فى ذلك السلع والخدمات المسعرة
جبريا والمحددة الربح).
( وتعدل أسعار العقود المبرمة بين مكلفين أو بين أطراف أحدها مكلف والسارية وقت
فرض الضريبة وضريبة الجدول أو عند تعديل فئاتها بذات قيمة عبء الضريبة أو
تعديلها).
وبناء على طلب الاتحاد المصرى لمقاولى التشييد والبناء بمخاطبة جهات الإسناد لحثهم
على تعديل أسعار العقود بذات قيمة عبء الضريبة/ ضريبة الجدول عن الاعمال المؤداه
لصالحهم.
يتعين على كافة المناطق التنفيذية والمأموريات بناء على طلب المسجل مخاطبة جهات
‎-١‏ يتم إستلام الخطظاب من المسجل موضحا به جهات الإسناد المتعامل عنها والمبرم
معها عقود قبل ‎3٠١١/1/8‏ (تاريخ العمل بالقانون 517 لسنة ‎)3١١5‏ والمستمره بعد
العمل بالقانون.
‎-١‏ تصدر المأمورية خطاب لجهة الاسناد على النموذج المرفق وفقا للبيانات المقدمة
من المسجل.
رجاء مراعاة ذلك عند التطبيق,,
طبر 0
واللكا ولي التوفيق .,
تحريرافى ‎٠١15/١7/١5‏"
45,"ثانيا: التعليمات والمنشورات الصادرة بشأن قانون الضريبة على القيمة المضافة
وزارة الماليه
مصلحة الضرانب المصريه ( ضريبه على القيمه المضافه )
الاداره المركزيه للبحوث الضريبيه
الادارة العامه للبحوث الفنيه
السادة/ نصر أبوالعباس أحمد وشركاه
"" ميدان الإسماعيليه - مصر الجديدة - القاهرة
خَينْ طيبة وبعل»,
- إيماء إلى كتاب سيادتكم الوارد إلينا برقم ‎١8١5‏ بتاريخ ‎٠١١5/١7/5‏ بصفتكم وكيلا عن
الشركة المصرية العالمية للمنشأة السياحية (قرية الباشا) بشان طلب الاستفسار عن مدى
خضوع الفروق الناتجة عن تقييم العملات الاجنبية فى ظل تطبيق قانون الضريبة العامة على
المبيعات.
- نتشرف بالإحاطة بأنه وفق لأحكام القانون ‎١١‏ لسنة ‎١19١‏ وتعديلاته فإن:
- الفروق الناتجة عن تقييم العملات الاجنبية التى فى حوزة الشركة المذكورة لاتخضسع
للضريبة العامة على المبيعات طالما تم سداد ضريبة المبيعات على تلك الايرادات
فى تاريخ تحقق الواقعة المنشئة لها.
تعريراً في: 15/ 015/17""
مدير عام البحوث الفنية رئيس قطاع بحوث السياسات الضريبية"
46,"ثانيا: التعليمات والمنشورات الصادرة بشأن قانون الضردبة على القيمة المضافة.
وزارة الماليه
مصلحة الضرانب المصريه ( ضريبه على القيمه المضافه )
الاداره المركزيه للبحوث الضريبيه
الادارة العامه لبحوث الخدمات
خَينْ طيبة وبعل»,

- إيماء إلى كتاب سيادتكم الوارد إلينا برقم ‎١677‏ بتاريخ ‎3٠١1١5/1١١/5١‏ بشأن طلب الإفادة
بالرأى عن مدى الخضوع الضريبى لنشاط الشركة المتمثل فى إقامة وتشغيل وصيانة شبكات

- نتشرف بالإحاطة إنه وفقا لأحكام قانون الضريبة على القيمة المضافة رقم 510 لسنة ‎5١١5‏
‏:ل-

- تفرض الضريبة على السلع والخدمات بما فى ذلك السلع والخدمات المنصوص عليها فى
الجدول المرافق لهذا القانون سواء كانت محلية أو مستوردة وفى كافة مراحل تداولها الاما

- نشاط إقامة وتشغيل وصيانة شبكات نقل الصوت والصورة المشار إليها بعالية يخضع
للضريبة على القيمة المضافة بفئة ‎90١”‏ من القيمة إعتبارا من ‎٠١١5/9/8‏ وبفئة ‎00١5‏
‏إعتبار من ‎.5١١1/0//١‏

- نشاط تصميم وإدارة المواقع الالكترونية وإستغلال المصنفات السمعية والسمعية البصرية
المضافة بفئة ‎9١7”‏ من القيمة إعتبار من ‎7١١7/9/8‏ وبفئة ‎9/0١5‏ إعتبار من ١//17//ا١١75.,‏

- خدمات الانترنت الارضى (تعفى لمدة عام من تاريخ العمل بقانون الضريبة على القيمة
المضافة) وفقا للبند رقم 54 من قائمة السلع والخدمات المعفاة من الضريبة على القيمة
المضافة المرافق للقانون سالف الذكر.

- أما بالنسبة لخدمات القيمة المضافة المشار إليها بعاليه فرجى التكرم من سيادتكم بموافتنا
بماهية تلك الخدمات على وجه التحديد وذلك حتى يتسنى لنا الرد وإتخاذ اللازم فى هذا الشأن.

تعريراً في: ١15/17/1.؟‏

مدير عام الادارة العامة لبحوث الخدمات رئيس الادارة المركزية للبحوث الضريبية"
47,"ثانيا: التعليمات والمنشورات الصادرة بشأن قانون الضريبة على القيمة المضافة
وزارة الماليه
مصلحة الضرانب المصريه ( ضريبه على القيمه المضافه )
الاداره المركزيه للبحوث الضريبيه
الادارة العامه لبحوث الخدمات
خَينْ طيبة وبعل»,
- إيماء إلى كتاب سيادتكم الوارد إلينا برقم 159 بتاريخ ‎7٠١١7/١١/”‏ بشأن طلب
الإفادة بلرأى عن المعاملة الضريبية لأعمال التفتيش الهندسى المؤداة لصالحكم
بمعرفة شركة............ فى ظل التطبيق الحالى للقانون 51 لسنة ‎,5١١5‏
‏- نتشرف بالإحاطة بأنه طبقا لأحكام القانون رقم 517 لسنة ‎7٠١١5‏ بأصدار قانون
الضريبة على القيمة المضافة فإن:
المدفوعة فعلا مقابل الخدمة وفقا للبند أولا (سلع وخدمات تخضع لضريبة الجدول
- وعليه فإن أعمال التفيش الهندسي المؤداة لصالحكم بمعرفة شركة............. أو
فعلا مقابل الخدمة.
تعريرا في: ‎""017/11/1١‏
‏مدير عام الادارة العامة لبحوث الخدمات رئيس قطاع البحوث والسياسات الضريبية"
48,"ثانيا: التعليمات والمنشورات الصادرة بشأن قانون الضريبة على القيمة المضافة.
وزارة الماليه
مصلحة الضرانب المصريه
الادارة المركزيه للبحوث الضريبيه
السيد الاستاذ /
خَينْ طيبة وبعل».
إيماء إلى مطالبات بعض موردى الخردة الحديدية بخصم ضريبة القيمة المضافة من قبل المصانع
التى يتم تسليمها البضائع ( الخردة الحديدية) بفواتير بيع معتمدة من الموردين على أن تورد قيمة هذه
الضريبه من قبل المصانع إلى مأمورية الضرائب التابع لها كل مورد.
نتشرف بالإحاطه بانه:
ومنتجى الحديد من الاتفاق على التنسيق بين المصلحة ومنتجى الحديد وموردى الخردة الحديدية فى
وضع أليه التطبيق لتحصيل مستحقات الخزانة العامة للدولة وذلك من خلال قيام موردى الخردة
به بيان باسم مورد الخردة والمأمورية التابع لها إلى المصلحة على أن تقوم المصلحة بتسوية
المستحقات الضريبية لموردى الخردة.
ومن ثم فأنه يتعين على الشركات المنتجة للحديد توريد ضريبة القيمة المضافة بشيك منفصل مرفق به
بيان باسم مورد الخردة لقطاع الشئون التنفيذيه التابعة أو المأمورية المسجل بها شركتكم على أن يتم
تسوية المستحقات الضريبية لهؤلاء الموردين.
وذلك دون الإخلال بالتزام موردى الخردة بالتسجيل بتقديم الاقرار فى المواعيد القانونية.
تعريراً في: ‎7١15/17/77‏ رئيس قطاع البحوث والسياسات الضريبية
صلاح يوسف على"
49,"ثانيا: التعليمات والمنشورات الصادرة بشأن قانون الضريبة على القيمة المضافة
وزارة الماليه
مصلحة الضرانب المصريه ( ضريبه على القيمه المضافه )
الاداره المركزيه للبحوث الضريبيه
الادارة العامه لبحوث الخدمات
خَينْ طيبة وبعل»,
الإفادة بالرأى عن المعاملة الضريبية للصنف غاز بروميد ميثايل مضغوط ومعباة
5"" لو 7.
- نتشرف بالإحاطة بانه وفقا لأحكام القانون رقم 517 لسنة ‎7٠١١5‏ بإصدار قانون
الضريبة على القيمة المضافة فإن:
- الاسمدة والمبيدات الزراعية تخضع لضريبة الجدول بفئنة 905 وفقا للبند أولا سلع
وخدمات تخضع لضريبة الجدول فقط (مسلسل رقم 2) من الجدول المرافق للقانون.
بالافراج عنه من الوزارة الزراعة لجنة مبيدات الافات الزراعية على أنه مستحضر
مبيد أفات زراعية ومن ثم فإنه يخضع لضريبة الجدول بفنة 905 من القيمة وفقا
لنص المسلسل سالف الذكر.
- مع مراعاة أن مصلحة الجمارك هسى صاحبة الاختصاص الاصيل فسى توصيف
يتم على أساسها تحديد فئة الضريبة المستحقة عليها.
تعريرا في : ‎7015/1/7١‏
‏مدير عام الادارة العامة لبحوث ساع الجدول رئيس قطاع البحوث والسياسات الضريبية"
50,"ثانيا: التعليمات والمنشورات الصادرة بشأن فانون الضريبة على القيمة المضافة.
وزارة الماليه
مصلحة الضرانب المصريه ( ضريبه على القيمه المضافه )
الاداره المركزيه للبحوث الضريبيه
الادارة العامه لبحوث السلع العامه والمستورده
خَينْ طيبة وبعل»,
- إيماءا إلى كتاب سيادتكم الوارد إلينا برقم ‎١5١9‏ بتاريخ ‎٠١١7/١7/8‏ بشأن طلب
الإفادة بالرأى عن فئنة ضريبة القيمة المضافة المستحقة على نشاط شركتكم المتمثل
فى إقامة وتشغيل مصنع لإنتاج وتكرير وغسيل ملح الطعام.
- نتشرف بالإحاطة وفقا لأحكام القانون رقم 517 لسنة ‎7٠٠١١5‏ بإصدار قانون الضريبة
على القيمة المضافة فإن:
- البقول والحبوب وملح الطعام والتوابل المصنعة معفاة من الضريبة على القيمة
المضافة طبقا لنص المسلسل رقم ‎)١15(‏ من قائمة السلع والخدمت المعفاة المرافقة
لقانون الضريبة على القيمة المضافة.
- ومن ثم فإن ملح الطعام معفى من الضريبة على القيمة المضافة طبقا لنص المسلسل
سالف الذكر.
- أما الملح للأغرض الصناعية يخضع للضريبة على القيمة المضافة بالسعر العام
‎0١‏ إعتبارا من ‎٠١١7/9/8‏ و ‎0١5‏ إعتبارا من ١//0ا//ا١١7,‏
- ومن ثم يتعين على الشركة التوجه للمأمورية للتسجيل بالمصلحة متى بلغ أو جاوز
إجمالى قيمة مبيعاتها من السلع والخدمات الخاضعة للضريبة والمعفاة منها حد
التسجيل المقرر قانونا.
تعريراً في : ‎7١15/17/79‏
‏مدير عام بحوث السلع العامة والمستوردة رئيس البحوث والسياسات الضريبية"
51,"ثانيا: التعليمات والمنشورات الصادرة بشأن قانون الضريبة على القيمة المضافة
فرار مجلس إدارة الهينة العامة للرفابة المالية رقم 5"" بتاريخ ‎٠١9/1١/1١‏
‏2 الوساطة في لمن 0"
52,"ثانيا: التعليمات والمنشورات الصادرة بشأن قانون الضريبة على القيمة المضافة.
وزارة الماليه
مصلحة الضرانب المصريه ( ضريبه على القيمه المضافه )
الاداره المركزيه للبحوث الضريبيه
الادارة العامه لبحوث ا لخدمات
ين طيبنٌ وبعحل ,
- إيماءا إلى كتاب سيادتكم الوارد إلينا برقم ‎١5١14‏ بشأن طلب الإفادة بالرأى عن
المعاملة الضريبية للخدمات الإعلانية ونشاط إعداد برامج الكمبيوتر(السوفت وير)
وتراخيص البرامج وكذا نشاط الكول سنتر وذلك فى ظل تطبيق أحكام قانون
الضريبة على القيمة المضافة.
- نتشرف بالإحاطة بأنه وفقا لأحكام القانون 517 لسنة ‎٠١١5‏ بإصدار قانون الضريبة
على القيمة المضافة فإنه:
- تفرض الضريبة على السلع والخدمات بما فى ذلك السلع والخدمات المنصوص
عليها فى الجدول المرافق لهذا القانون سواء كانت محلية أو مستوردة فى كافة
مراحل تداولها إلا ما استثنى بنص خاص.
- الخدمات الإعلانيه معفاه من الضريبة على القيمة المضافة وفقا للبند رقم (/51) من
قائمة السلع والخدمات المعفاه من الضريبة على القيمة المضافة المرافق للقانون
سالف الذكر.
- وعليه فإن مايتم دفعه من المعلن لصالحه إلى المعلن بمقابل الخدمة الإعلانيه معفى
من الضريبة على القيمة المضافة تطبيقا للبند سالف الذكر.
- أما بالنسبة للسلع الإعلانيه (تصنيع اللافتات, تأجيرها, بيعها) تخضع للضريبة على
القيمة المضافة بفنة ‎9١”‏ من القيمة وذلك إعتبارا من ‎73١١/9/8‏ وبفئة ‎00١5‏
‏إعتبارا من ١//07/ا١١5.‏
- تصميم وإعداد البرامج وكذا مقابل الترخيص يخضع للضريبة على القيمة المضافة
بفنة ‎9,١7‏ من الفيمة وذلك إعتبارا من ‎٠١١5/3/8‏ وبفئة ‎9,6١5‏ من القيمة إعتبارا
من ١//7//ا١ ‎7١‏
‏- أقامة وتشغيل مركز إتصالات ( كول سنتر) يخضع للضريبة على القيمة المضافة
بفنة ‎91١7‏ من القيمة وذلك إعتبار من ‎٠١١5/3/8‏ وبفئة ‎90١5‏ من القيمة إعتبارا
من ١//7//ا١ ‎7١‏
‏ونفضلوا بقبول فائق الاحزام""»
تعريراً في: 7017/1/2
مدير عام بحوث السلع العامة والمستوردة رئيس البحوث والسياسات الضريبية"
53,"ثانياً: التعليمات والمنشورات الصادرة بشأن قانون الضريبة على القيمة المضافة
وزارة الماليه
مصلحة الضرائب المصريه ‎١‏ ضريبه على القيمه المضافه )
الاداره المركزيه للبحوث الضريبيه
الادارة العامه لبحوث الخدمات
خَينْ طيبنٌ وبعل»»,

- إيماءا إلى كتاب سيادتكم الوارد إلينا برقم ‎١١١‏ بتاريخ ‎٠١١1/٠١/3‏ بشأن طلب
الإفادة بالرأى عن المعاملة الضريبية لإدارة وتنمية الموارد البشرية ككذا نشاط
الاستشارات القانونية فى ضوء تطبيق قانون ضريبة القيمة المضافة.

- نتشرف بالإحاطة بأنه طبقا لأحكام القانون 5:1 لسنة ‎7٠١١5‏ بإصدار قانون الضريبة
على القيمة المضافة فإنه.

- تفرض الضريبة على السلع والخدمات بما فى ذلك السلع والخدمات المنصوص
عليها فى الجدول المرافق لهذا القانون سواء كانت محلية أو مستوردة فى كافة
مراحل تداولها إلا ما استثنى بنص خاص.

- ومن ثم فإنه إذا ما ثبت من خلال دفاتر ومستندات الشركة بأن المبالغ التى تحمصل
عليها شركتكم من الشركة المستفيدة من الخدمة( مرتبات, تامينات...الخ) هى ذاتها
المبالغ التى يحصل عليها العمالة الموردة والجهات الاخرى وإن ماتحمصل عليه
الشركة من مقابل ينحصر فى قيمة العمولة فقط.

- ومن ثم فإن قيمة العمولة فى هذه الحالة تخضع للضريبة على القيمة المضافة بفنة
7 من القيمة وذلك إعتبارا من ‎٠١١1/1/8‏ وبفتة ‎9,6١5‏ إعتبارا من
‎»70١‏ على أن يؤيد ذلك من خلال الدورة المستندية للشركة مؤدية الخدمة
والتعاقدات المبرمة مع الجهة المستفيدة من الخدمة."
54,"ثانيا: التعليمات والمنشورات الصادرة بشأن قانون الضريبة على القيمة المضافة.

- أمافى حالة قيام شركتكم كمؤدى خدمة بتوريد العمالة للشركة المستفيدة من الخدمة
وحصولها على مقابل ذلك دون أن يوضح ما سبق ذكرة (الدورة المستندية) فإن
مقابل توريد العمالة فى هذه الحالة يعد وعاء الضريبة المحتسب على أساسها
من ١//7//ا١ ‎7١‏

- أما بخصوص نشاط الاستشارات القانونية فتخضع لضريبة الجدول بفئة ‎90٠١‏ من
القيمة المدفوعة فعلا طبقا لنص المسلسل رقم ‎١١‏ من البند أولا ( سلع وخدمات
تخضع لضريبة الجدول فقط).

- مع الاحاطة بانه حال عدم التسجيل لدى المصلحة فيتعين عليكم التقدم للتسجيل مهما

ونفضلوا بقبول فائق الاحؤام».
تحريرا في: ‎""١117/15‏

مدير عام الادارة العامة لبحوث الخدمات رئيس البحوث والسياسات الضريبية"
55,"ثانيا: التعليمات والمنشورات الصادرة بشأن فانون الضردبة على القيمة المضافة
وزارة الماليه
مصلحة الضرانب المصريه ( ضريبه على القيمه المضافه )
الاداره المركزيه للبحوث الضريبيه
الادارة العامه لبحوث السلع العامه والمستورده
خَينْ طيبة وبعل»,
- إيماءا إلى كتاب سيادتكم الوارد إلينا برقم ‎18١‏ بتاريخ ‎١١7757 56015/1١١/٠١‏
بتاريخ ‎٠١١5/١7/١١‏ بصفتكم وكيلا عن شركة إليكو إيجبت بشأن طلب الإفادة
بالرأى عن المعاملة الضريبية لأعمال تصنيع وتوريد وتركيب الوجهات الألوميتال
بالزجاج بإعتبارها مقاول باطن.
- نتشرف بالإحاطة بأنه طبقا لأحكام القانون رقم 517 لسنة ‎7٠١١5‏ بإصدار قانون
الضريبة عفلى القيمة المضافة فإنه:
- أعمال تصنيع وتوريد وتركيب الالوميتال تخضع لضريبة القيمة المضافة بفئة
‎0١‏ مسن القيمة إعبتار من ‎٠١١7/3/8‏ وبفئة ‎0/١‏ اإعتبار من ‎5570١‏ مع
خصم ماسبق سداده من ضريبة بموجب فواتير ضريبية صحيحة.
تحريراً في: ‎7١17/1١/9‏
‏مدير عام بحوث السلع العامة والمستوردة رئيس البحوث والسياسات الضريبية"
56,"ثانيا: التعليمات والمنشورات الصادرة بشأن قانون الضريية على القيمة المضافة.
وزارة الماليه
مصلحة الضرانب المصريه ( ضريبه على القيمه المضافه )
الاداره المركزيه للبحوث الضريبيه
الادارة العامه لبحوث الخدمات
خَينْ طيبة وبعل»,
الإفادة بالرأى عن المعاملة الضريبية لنشاط شركتكم المتمثل فى ( جميع التصميمات
التجارية وجميع مشتقاتها المكتبيه, جميع التصميمات المطبوعة الخاصة بمنتجات
إلخ) فى ظل تطبيق قانون القيمة المضافة.
- نتشرف بالإحاطه بأنه طبقا لأحكام القانون 51 لسنة ‎٠١١5‏ بإصدار قانون الضريبة على
القيمة المضافة فإنه:
- تفرض الضريبة على السلع والخدمات بما فى ذلك السلع والخدمات المنصوص عليها فى
الجدول المرافق لهذا القانون (سواء كانت محلية أو مستورده) فى كافة مراحل تداولها إلا ما
- وعليه فإن أعمال ( التصميمات التجارية ومشتقاتها المكتبية, التصميمات المطبوعة الخاصة
ومواقع التواصل الإجتماعى) تخضع للضريبة على القيمة المضافة بفئة ‎90١7‏ من القيمة
إعتبارا من ‎7١١5/9/8‏ وبفئة ‎00١5‏ من القيمة إعتبارا من ‎.,75١١1//17//١‏
‏تعريراً في: ‎7017/1١/٠١‏
‏مدير عام الادارة العامة لبحوث الخدمات رئيس قطاع بحوث السياسات الضريبية"
57,"ثانيا: التعليمات والمنشورات الصادرة بشأن قانون الضريبة على القيمة المضافة
وزارة الماليه
مصلحة الضرانب المصريه ( ضريبه على القيمه المضافه )
الاداره المركزيه للبحوث الضريبيه
الادارة العامه لبحوث الخدمات
خَينْ طيبة وبعل»,

- إيماء إلى كتاب سيادتكم الوارد إلينا برقم ‎٠١١”‏ بتاريخ ‎230١1١5/1١١/٠١‏ بشان طلب
الأفادة بالرأى عن المعاملة الضريبية للخدمة المهنيه المقدمة من المحاسب القانونى
والمقيد فى سجل المحاسبين والمراجعين.

- نتشرف بالإحاطة بانه وفقا لأحكام القانون 5:77 لسنة ‎7٠١١5‏ بإصدار قانون ضريبة
القيمة المضافة فإن:
فقط مسلسل رقم ‎١7١(‏ ) من الجدول المرافق للقانون سالف الذكر.

- وعليه فإن الخدمة المهنية المقدمة من المحاسب القانوني تخضع لضريبة الجدول
بفئة ‎90١٠١‏ من القيمة المدفوعة فعلا مقابل الخدمة.

- ووفقا لأحكام المادة ‎)5١(‏ الواردة بالقانون سالف الذكر فإن على كل منتج أو مؤدى
أو مستورد لسلعة أو لخدمة من السلع أو الخدمات المنصوص عليها بالجدول
المرافق لقانون أن يسجل نفسة لدى المصلحة مهما كان حجم مبيعاته أو إنتاجه.
إنتاجكم حيث أن عدم التقفدم للمصاحة للتسجيل فى المواعيد المحددة يعد تهربا مسن
الضريبة وضريبة الجدول وفقا لأحكام المادة (58) ويعاقب عليه بالعقوبات
المنصوص عليها فى المادة 517 من القانون سالف الذكر.

تعريراً في: ‎""١1/17/1١‏
‏مدير عام الادارة العامة لبحوث ساع الجدول رئيس قطاع البحوث والسياسات الضريبية
لب -----ا طح ص0"
58,"ثانيا: التعليمات والمنشورات الصادرة بشأن قانون الضريية على القيمة المضافة.
وزارة الماليه
مصلحة الضرانب المصريه ( ضريبه على القيمه المضافه )

الاداره المركزيه للبحوث الضريبيه

الادارة العامه لبحوث السلع العامه والمستورده

خَينْ طيبة وبعل»,

- إيماءا إلى كتاب سيادتكم الوارد إلينا برقم ‎)١577(‏ بتاريخ ‎7٠١١/١7/١8‏ بصفتكم
وكيلا عن شركة/ المهندس للاستشارات الهندسية وأعمال التقييم الهندسى بشأن
طلب الإفادة بالرأى عن المعاملة الضريبية للخدمات الاستشارية المقدمة من الشركة
موكلتكم لصالح البنك الاهلى المصرى والمتمئلة فى تقييم الضمانات للتسهيلات
الائتمانية التى تمنح لعملاء البنك الاهلى وكذا إعداد التفارير الفنية والمالية عن
الاستثمارى والتقييم المصرفى.

- نتشرف بالإحاطة بانه وفقا لأحكام القانون 51 لسنة ‎7٠٠١١5‏ بإصدار قانون الضريبة
على القيمة المضافه فإن:

- الخدمات المهنية والاستشارية تخضع لضريبة الجدول بفئة ‎90٠١‏ من القيمة وفقا
لنص المسلسل رقم ‎)١١(‏ بند أولا من سلع وخدمات الجدول المرافقة للقانون سالف
الذكر.

- ومن ثم فإن الخدمات المشار إليها بعالية المؤداة بمعرفة الشركة موكلتكم لصالح
خدمات إستشارية طبقا لنص المسلسل سالف الذكر ويكون وعاء الضريبة هو القيمة
المدفوعة فعلا مقابل الخدمة.

تحريرا في: ‎7١17/1١/15‏

مدير عام بحوث السلع العامة والمستوردة رئيس البحوث والسياسات الضريبية"
59,"ثانيا: التعليمات والمنشورات الصادرة بشأن قانون الضريبة على القيمة المضافة
وزارة الماليه
مصلحة الضرانب المصريه ( ضريبه على القيمه المضافه )
الاداره المركزيه للبحوث الضريبيه
الادارة العامه لبحوث الخدمات
خَينْ طيبنٌ وبعل»»,

- إيماء إلى كتاب سيادتكم الوارد إلينا برقم ‎١81‏ بتاريخ ‎7٠١١7/1١7/58‏ بشأن طلب
الإفادة بالرأى عن مدى الخضوع الضريبى لنشاط قطاع الإعلانات المتمثل فسى
(إعلانات الطرق, تأجير مواقع إعلانات, إعلانات على اللافتات داخل ملعب كرة
القدم, المطبوعات والإعلانات على ورق الكوشية (الانسريت) وذلك فى ظل قانون
الضريبة على القيمة المضافة.

- نتشرف بالإحاطة بأنه وفقا لأحكام قانون الضريبة على القيمة المضافة رقم 517 لسنة
05 فإنه:

- تفرض الضريبة على السلع والخدمات بما فى ذلك السلع والخدمات المنصوص
عليها فى الجدول المرافق لهذا القانون سواء كانت محلية أو مستوردة فى كافة
مراحل تداولها إلا ما إستثني بنص خاص.

- الخدمات الإعلانية معفاه من الضريبة على القيمة المضافة طبقا لنص البند رقم
(519) من قائمة السلع والخدمات المعفاة من الضريبة على القيمة المضافة المرافقة
للقانون سالف الذكر.

- ومن ثم فإن مايتم دفعه من المعلشن لصالحه إلى المعلن مقابل الخدمة الإعلانية معفسى
من الضريبة على القيمة المضافة.

- السلع الإعلانية (الشاسيهات, الفوانيس, اللوحات, اللافقتات داخل الملعب.... إلخ)
تخضع لضريبة القيمة المضافة بفئة ‎90١7‏ من القيمة إعتبارا من ‎٠١١7/9/8‏ وبفئة
15 إعتبارا من ‎.5١1١1/17/١‏

- أما تأجير المواقع الإعلانية للعملاء فتخضع لضريبة القيمة المضافة بفئة ‎9/0١7‏ من
القيمة إعتبارا من ‎2١١1/5/8‏ وبفنة ‎90١5‏ إعتبار من ‎.5١1١17/17/١‏

- وفيما يتعلق بالمطبوعات (دفاتر, أجندات, نتائج للعاملين) وكذا المطبوعات الخاصة
بالعملاء والمطبوعات على ورق كوشية (الانسيرت) فتخضع لضريبة القيمة
المضافة بفئنة ‎9'”١”‏ من القيمة إعتبارا من ‎70١١/9/8‏ وبفئة ‎90١5‏ اعتبارا مسن
ااا

وتفضلوا بقبول فائق الاحزام»»
تعريراً في: 7017/1/14

مدير عام الادارة العامة لبحوث الخدمات رئيس البحوث والسياسات الضريبية"
60,"ثانيا: التعليمات والمنشورات الصادرة بشأن قانون الضريبة على القيمة المضافة.

القانون رقم ؟ سنة ‎7١1١1‏

المنشورفى ‎7١17/1١/١١‏
‎-١‏ تضاف فقرة ثانية إلى مادة رقم (؟) من قانون الضريبة على القيمة المضافة الصادر
بالقانون رقم 501"" لسئة ‎٠١١١‏ نصها الآتى:
مادة (؟) / فقرة ثانية:
((ويخصص مبلغ مقداره أربعون قرشا من حصيلة الضريبة المفروضة على المسلسل
(أولا: ‎/١‏ ب / *) من الجدول رقم ‎)١(‏ المرافق لهذا القانون لصالح الهيئة العامة للتأمين
الصحى ويحدد وزير المالية بقرار منه وبالإتفاق مع وزير الصحة قواعد أداء هذا المبلغ
للهيئة العامة للتأمين الصحى))

(المادة الثالثة)

ينشر هذا القانون فى الجريدة الرسمية ويعمل به من اليوم التالى لتاريخ نشره يبصم هذا
القانون بخاتم الدوله ويينفذ كقانون من قوانينها.
صدر برئاسة الجمهورية فى 75 ربيع الآخر سنة 575/8 ١ه‏
(الموافق ؟ ‎١‏ يناير ‎7١١17‏ م)"
61,"ثانيا: التعليمات والمنشورات الصادرة بشأن قانون الضريبة على القيمة المضافة
وزارة المالية
فرار رفم ‎٠١‏ لسنة ‎>١1‏
‏بشأن إعادة تشكيل وإختصاصات
ومقار بعض لجان إنهاء المنازعات الضريبية

وزير المالية

وعلى القانون رقم ‎١5‏ لسنة ‎١9/85‏ بفرض رسم تنمية الموارد المالية للدولة

وعلى القانون رقم 517 لسنة ‎7٠١١5‏ بشأن الضريبة على القيمة المضافة

وعلى القانون رقم 79 لسنة ‎٠١١5‏ بشأن إنهاء المنازعات الضريبية

وعلى المذكرة المعروضة من السيد رئيس مصلحة الضرائب المصرية فى هذا الشأن

وعلى القرار الوزارى رقم 589 لسنة ‎٠٠١١5‏

قرر
(المادة الاولي)

يعاد تشكيل واختصاصات ومقار بعض لجان إنهاء المنازعات الضريبية الصادر بشأنها القرار
الوزارى رقم 5859 لسنة ‎7٠١١57‏ على النحو التالى:

أولا: مصلحة الضرائب المصرية (دخل):

تعديل بعض مقرات لجان إنهاء المنازعات الضريبية (دخل) على النحو التالى:
‎)١(‏ لجنة إنهاء المنازعات (الثالثة بالقاهرة)

السيد الاستلا/ محمد قريد محمد بكر
السيد المستشار/ صالح محمد عبد العاطى كشك
السيد الاستاذ/ محمود حسن محمد حسن
والقاهرة خامس)
العينى القاهرة"
62,"ثانيا: التعليمات والمنشورات الصادرة بشأن فانون الضريبة على القيمة المضافة.
(؟) لجنة إنهاء المنازعات (بالقليوبية والمنوفية)
السيد الاستاذ/ سعيد عبد الرحمن محمد جاد
السيد المستشار/ سليمان سمير عبد الحكيم رضوان
الاستاذء/ إيتسام عبد الرؤوف سيد أحمد
وثان)
مدرسة الشبان المسلمين بنها
الجديده الفليوبية
(*) لجنة إنهاء المنزاعات (أسيوط / المنيا):
السيد الاستاذ/ محمود عبد الباسط حسان
السيد المستشار/ بدر عبد الحميد عبد الرحيم إسماعيل
السيد الاستاذ/ عاطف عبد التواب عبد القادر
ار 0
ثان)
]0202020202000 هقر الجتة 02020 | عمارةالاوقاف رقم"" أسيوط
(:) يتم إلغاء التناوب بين لجنة أنهاء المنازعات ( بالدقهلية أول/ دمياط) ولجنة إنهاء
المنازعات (بالدقهلية ثان) على أن يتم تقسيم مقر اللجنة بالعنوان شارع الجمهورية
شركة بيع المصنوعات المنصورة للجنتين.
(5) تصحيح الخطا المادى فى إسم عضو لجنة إنهاء المنزاعات الضريبة (دخل) بالغربية
كفر الشيخ:
تصحيح الخطاء الوارد باسم السيد الاستاذ/ اشرف عبد الفتاح محمد (عضو مصلحة
ثانيا: مصلحة الضرائب المصرية (قيمة مضافة)
‎)١(‏ لجنة إنهاء المنازعات (شمال القاهرة - جنوب القاهرة - وسط القاهرة- غرب القاهرة)
السيد الاستاذ/ محمد عبد الفتاح محمد جادو
السيد المستشار/ محمد عمرو فؤاد
السيد الاستاذ/ عبد الفتاح سعد خطاب
اختصاص اللجنة مناطق (شمال القاهرة, جنوب القاهرة,
وسط القاهرة, غرب القاهرة)
مقر اللجنة ‎١‏ شارع المبتديان السيدة زينب
القاهرة"
63,"ثانيا: التعليمات والمنشورات الصادرة بشأن قانون الضريبة على القيمة المضافة
(؟) لجنة إنهاء المناعات (شرق القاهرة أول- شرق القاهرة ثان - مامورية المقاولات)
اد ال مد عد اليد ع لعزي امارد
السيد المستشار/ محمود شعبان حسين رمضان عضوا من مجلس الدولة
اختصاص اللجنة مناطق (شرق القاهرة أول,
شرق القاهرة ثان, مامورية
("") لجنة إنهاء المنازعات (شمال الجيزة- جنوب الجيزة)
شد الى سق سدم
السيد المستشار/ محمد مصطفى عابد محمد عضوا من مجلس الدولة
السيد الاستاذ/ سعيد أبو رواش السيد احمد عضوا من مصلحة الضرائب
اختصاص اللجنة مناطق (شمال الجيزة, جنوب
الجيزة)
]0020202020000 هقر اللجنة 002020202000 ‎١5|‏ شارعجامعة الدول العربية الجيزة
(:) لجنة إنهاء المنازعات (شرق الاسكندرية - غرب الاسكندرية- وسط الاسكندرية - منطقة
الجمارك)
السيد الاستاذ/ احمد محمد عبد الرحيم
السيد المستشار/ ماهر حسن على حسن عضوا من مجلس الدولة
السيد الاستاذ/ أشرف محمد محمود عضوا من مصلحة الضرائب
اختصاص اللجنة مناطق (شرق الاسكندرية, غرب
الاسكندرية, وسط الاسكندرية,
منطقة الجمارك)
مقر اللجنة ‎١‏ المشير أحمد اسماعيل سيدى
جابر الاسكندرية
(5) لجنة إنهاء المنازعات (شمال الدلتا - شرق الدلتا):
السيد الاستاا/ جمال محمد عثمان مصطفى
السيد المستشار/ إيهاب فتوح عبد القادر سلامة عضوا من مجلس الدولة
السيد الاستاذ/ رياض إبراهيم السيد الفوال عضوا من مصلحة الضرائب
م اختصاص اللجنة مناطق (شمال الدلتا, شرق الدلتا)
المنصورة"
64,"ثانيا: التعليمات والمنشورات الصادرة بشأن قانون الضريبة على القيمة المضافة.
‎)١(‏ لجنة إنهاء المنازعات (وسط الدلتا - منطقة القليوبية - منطقة المنوفية)
| |0000 هقر لجتة 02020202020200 201 5"" شارعالجيشطنطا_ |
(0) لجنة إنهاء المنازعات (شمال الصعيد - وسط الصعيد)
ا لطس 00
الصعيد)

ا خسار مسر ل
0
(8) لجنة إنهاء المنازعات (شمال مصر العليا - جنوب مصر العليا - منطقة البحر الاحمر)
00000000 خصو اللي متطفة ليحر الاي

مصر العليا, منطقة البحر الاحمر)
ل سس سنا
النقل للسيارات
(9) لجنة إنهاء المنازعات (شمال القناة - جنوب القناة - غرب القناة)
سسك ة
غرب القناة)
مقر اللجنة الاسماعيلية ‎٠٠١‏ شارع الجمهورية
|00 سه 0 صم ع سس"
65,"ثانيا: التعليمات والمنشورات الصادرة بشأن فانون الضريية على القيمة المضافة
‎)٠١(‏ لجنة إنهاء المنازاعات ( مركز كبار الممولين - مركز متوسطى الممولين)
السيد الاستاة/ هنية بدر سليمان
السيد المستشار/ حسام محمد عبد الفتاح عطية
السيد الاستاذ/ محمد عبد الرازق السعيد
0
متوسطى الممولين)
مقر اللجنة بلوك 1 قطعة ""54 الحى العاشر
مدنية نصر القاهرة
( المادة الثانية)
لسنة ‎7١١5‏
‏(المادة الثالثة)
ينشر هذا القرار فى الوقائع المصرية و ويعمل به من اليوم التالى لتاريخ نشره
صدر فى ‎٠١11/١/١5‏
‏وزير المالية
عمرو الجارحى"
66,"ثانيا: التعليمات والمنشورات الصادرة بشأن قانون الضريبة على القيمة المضافة.
وزارة الماليه
مصلحة الضرانب المصريه ( ضريبه على القيمه المضافه )
الاداره المركزيه للبحوث الضريبيه
الادارة العامه للبحوث الفنيه
خَينْ طيبة وبعل»,

- إيماء إلى كتاب سيادتكم الوارد إلينا برقم ‎١7١97‏ بتاريخ ‎7٠١1١5/1١7/1١48‏ بشأن طلب الإفادة
بالرأى عن مدى صحة إمتداد الإعفاء الصادر لشركة...... كجهة إسناد للمقاولين والموردين
من الباطن عن عملية البحث عن البترول وإستغلاله فى منطقة شمال الاسكندرية.

- نتشرف بالإحاطة بأنه وفقا لأحكام القانون رقم 617 لسنة ‎٠١١5‏ الصادر بشأن الضريبة على
القيمة المضافة فإنه:

- فيما يتعلق بنشاط المقاولات (توريد وتركيب) يعتبر مقاول الباطن مسددا لضريبة الجدول
متى ثبت قيام المقاول العام بسدادها على ذات الاعمال بشرط تقديم شهادة من المقاول العام
يتم تسليمها لمقاول الباطن وعلي مسئوليته محددا بها إسم المشروع ورقمه ورقم الشيك
وبيانات العقد المبرم بين جهة الاسناد والمقاول العام التى يعمل من خلالها مقاول الباطن.

- وذلك المبدأ ينطبق فى حالة الإعفاء من ضريبة الجدول فمتى قام المقاول العام بتأدية خدمة
المقاولة لجهة معفاة وثبت للمأمورية المختصة بتوافر مستندات الاعفاء تكون أعمال
المقاولات المؤداة من خلال المقاول العام معفاة من ضريبة الجدول وفى جميع الاحوال يجب
ألا تزيد قيمة خدمة المقاولات المؤداة بمعرفة مقاول الباطن عن القيمة الواردة بشهادة الإعفاء

تعريراًفي: ‎7.١7/14‏
‏مدير عام البحوث الفنية رئيس فطاع بحوث السياسات الضريبية"
67,"ثانيا: التعليمات والمنشورات الصادرة بشأن قانون الضريبة على القيمة المضافة
وزارة الماليه
مصلحة الضرانب المصريه ( ضريبه على القيمه المضافه )
الاداره المركزيه للبحوث الضريبيه
الادارة العامه لبحوث الخدمات
السيد الاستاذ/ نصر أبوالعباس وشركاه محاسبون فانونيون
خَينْ طيبة وبعل»,

3 إيماء إلى كتاب سيادتكم الوارد إلينا برقم ‎١١5‏ بتاريخ 17 بصفتكم وكيلاة عن
شركة جافكو للحاصلات الزراعية بشأن طلب الإفادة بالرأى عن مدى الخضوع الضريبى
لنشاط الشركة المتمثل فى إقامة وتشغيل مصنع ألضرب الارز وجرشه وتفشيره وفرزه
وتدريجه وتلميعه وتعبئته وكذا كافة أنواع البقوليات وذلك فى ظل تطبيق قانون الضريبة على
القيمة المضافة.

- نتشرف بالإحاطه بانه وفقا لأحكام القانون 517 لسنة ‎7٠١١5‏ بإصدار قانون الضريبة على
القيمة المضافه:

- البقول والحبوب وملح الطعام والتوابل المصنعة معفاه من الضريبة طبقا لنص البند رقم ‎١5‏
‏من قائمة السلع والخدمات المعفاه المرافقه لقانون الضريبة على القيمة المضافه.

- ومن ثم فإن مبيعات الشركة موكلتكم من الارز وكافة أنواع البقول معفاه من الضريبة على
القيمة المضافة طبقا لنص البند سالف الذكر.

- ولايخل ذلك بخضوع خدمات ضرب وجرش وتقشير وتدريج وتلميع وفرز وتعبئة الأرز
وكافة أنواع الحبوب والبقول لصالح الغير للضريبة بالسعر العام ‎90١7‏ إعتبارا من
5 من ‎.,7١ ١/7/١‏

- ومن ثم يتعين على موكلكم متى بلغ أو جاوز إجمالى مبيعاته من السلع والخدمات الخاضعة
للضريبة والمعفاه منها (مبلغ خمسمائة ألف جنيه) التقدم للتسجيل بالمصلحة وفقا لأحكام
القانون سالف الذكر.

تحريرا في: ‎""١117/17/1‏
‏مدير عام بحوث السلع العامة والمستوردة"
68,"ثانيا: التعليمات والمنشورات الصادرة بشأن قانون الضريبة على القيمة المضافة.
وزارة الماليه
مصلحة الضرانب المصريه ( ضريبه على القيمه المضافه )
الاداره المركزيه للبحوث الضريبيه
الادارة العامه لبحوث الخدمات
ين طيبنٌ وبعحل ,

- يرجى التكرم بالإحاطة بأنه بصدور القانون رقم 77 لسنة ‎23١١5‏ بإصدار قانون الضريبة
على القيمة المضافة بتاريخ ‎٠١١1/3/8‏ فإن المعاملة الضريبية للزيوت النباتيه كما يلى:

- الزيوت النباتيه للطعام ثابته, سائلة, جامدة,منقاة, مكررة, تخضع لضريبة الجدول بفئة ‎9٠١.5‏
‏من القيمة طبقا للبند أولا سلع وخدمات تخضع لضريبة الجدول فقط مسلسل رقم (؟) من
الجدول المرافق للقانون.

- الزيوت الخام (الغير مكررة) تخضع لضريبة القيمة المضافة بفئة ‎90١7‏ من القيمة.

- الزيوت المكررة للطعام والمستخدمة كمدخلات للصناعات الغذائية تخضع لضريبة الجدول
بفئة 5. ‎9720٠0‏ من القيمة.

- الزيوت المكررة للطعام بغرض الإتجار والوارده فى عبوات مهيأة للبيع بالتجزئنه حتى زنة
‎٠‏ كجم تخضع لضريبة الجدول بفئة 90.5 من القيمة أما الوارد بعبوات أكثر من ‎٠١‏ كجم
غير مهيأة للبيع بالتجزنة فيتم تحصيل ضريبة جدول بفئة 90.5 من القيمة قطعيه وباقى
قيمة ضريبة بفئة ‎0١‏ من القيمة بصفة أمانه لحين تقديم مايفيد إستخدامه فى الطعام أو فى
الصناعات الغذائية.

- الزيوت المكررة والمستخدمة كمدخل لغير الصناعات الغذائية مثل (مستحضرات التجميل -
الصابون- ... إلخ) تخضع لضريبة القيمة المضافة بفنة ‎9,6١‏ من القيمة.

- علما بأن السعر العام لضريبة القيمة المضافة ‎9١”‏ إعتبارا من ‎7٠١١/9/8‏ حتى
‎5/٠‏ 54 إعتبارا من ‎,7١١1//87/١‏

- مع مراعاة أن مصلحة الجمارك هى صاحبة الاختصاص الاصيل فى تبنيد و توصيف وتحديد
قيمة السلع المستوردة من الخارج من واقع المعاينة الجمركية والتى على أساسها يتم تحديد
فئة الضريبة (قيمة مضافة - جدول)المستحقة عليها ومن ثم يمكنها الرجوع فى الامور الفنية
للفصل فى طبيعة تلك الزيوت الواردة وفقا للتوصيف المشار إليه سلفا إلى الجهات الفنية
المختصة التى تراها.

- برجاء التكرم بالعلم والإحاطة واتخاذ اللازم نحو نشر ماتقدم عى كافة المنافذ الجمركيه
إشراف سيادتكم وذلك توحيدا للمعاملة الضريبية.

ونفضلوا بقبول فائق الاحزام""»
تعريراً في: ‎7١17/١7 ١١‏
مدير عام الادارة العامة لبحوث ساع الجدول رئيس قطاع البحوث والسياسات الضريبية"
69,"ثانيا: التعليمات والمنشورات الصادرة بشأن قانون الضريبة على القيمة المضافة
وزارة الماليه
مصلحة الضرائب المصريه ‎١‏ ضريبه على القيمه المضافه )
الاداره المركزيه للبحوث الضريبيه
الادارة العامه لبحوث الخدمات
السيد الاستاذ/ مدير عام الادارة العامة للتعريفه
ين طيبنٌ وبعحل ,

- إيماء إلى كتّاب سيادتكم*57 بتاريخ ‎٠١١5/٠١/١7‏ والوارد إلينا برقم 857 بتاريخ
65 هه بشان طلب الإفادة بالرى عن مسدى خضوع بعض الاصناف التسى
كانت معفاة باعتبارها من الاجهزة التعويضية فى ظل قانون ‎١١‏ لسنة ‎١13١‏ وغير
مشمول بقرار من مركز التخطيط والسياسات الدوانية أنها أجهزة تعويضيه وذلك
فى ظل تطبيق قانون الضريبة على القيمة المضافة.

- نتشرف بالإحاطة بانه وفقا لاحكام القانون رقم 17 لسنة ‎٠١١5‏ بإصدار قانون
الضريبة على القيمة المضافة فإن.

- النظارات الشمسية والعدسات اللاصقة الملونة فتخضع لضريبة القيمة المضافة بفئة
7 من القيمة إعتبارا من ‎5١١1/3/8‏ و ‎9١5‏ من القيمة إعتبارا من
‎70١‏ هه بإعتبارها تخرج عن مفهوم نص المسلسل سالف الذكر.

- العدسات الطبيه اللاصقة لتصحيح الابصار معفاة من الضريبة على القيمة المضافة
بإعتبارها من الاجهزة التى تلبس لتعويض نقص أو عجز أو عاهة.

- النظارات الطبيه وأجزاؤها من شنابر وعدسات معفاة من الضريية على القيمة
المضافة بإعتبارها من الاجهزة التى تلبس لتعويض نقص أو عجز أو عاهه.

- أما بالنسبة لأنابيسب حنجرة صناعية تزرع فى الجسم لتعويضه عن
الحنهرة الطبيعية أفادت الادارة المركزية للشئون الصيدليه (وحدة
المستلزمات الطبيعية) بموجب كتابهها الصادر بتاريخ ‎7017/٠١/77‏ بان
اللجنة العلمية المتخصصة بجلستها فى ‎7015/٠١/١١‏ بان الصنف (
3اع /و لطع هي أل ( عمطلا لإمرمغممطء3) انبوبسة التق
الحنجرى تعد من الاجهزة التعويضية المعفاة (مرفق صورة)."
70,"ثانيا: التعليمات والمنشورات الصادرة بشأن قانون الضريية على القيمة المضافة.
- أما بالنسبة لباقى الاصناف الموضحة بكتابكم فقد أفادت الإدارة المركزية للشئون الصيدلية
بكتابها رقم ‎١٠٠١“‏ بتاريخ ‎3٠١7/1١/17‏ الوارد إلينا برقم ‎١55‏ بتاريخ 5؟5/١١177/1١5‏
بضرورة توافر المستندات الاتيه ( شهادة رأمبءم#ممء 01 ممع ووععع0 , شهادة مع ,
شهادة 16هوعع/ , كتالوجات, إخطار تسجيل للمنتجات المعقمة) (مرفق صورة)
- لذايرجى التكرم بالتنبيه على صاحب الرسالة بموافتنا بالبيانات الموضحة بكتاب
الادارة المركزية للشئون الصيدلية وذلك لموافاة وزراة الصحة بتلك البيانات لإبداء
الرأى عن مدى إعتبار مشمول الرسالة مسن الاجهزة التعويضية مسن عدمه وذلك
تطبيقا للبند رقم (””) من قائمة السلع والخدمات المعفاة من ضريبة القيمة المضافة
وعدم تقرير الاعفاء لأية من تلك الاصناف الموضحة بالقائمة مشمول كتاب سيادتكم
إلا بعد مخاطبتكم بالمعاملة الضريبية لتللك الرسالة والتنبيه على كافة المنافذ
الجمركية بمضمون ماتقدم وذلك حفاظا على حقوق الخزانة العامة للدولة.
تعريراً في: 7015/17/15
مدير عام الادارة العامة لبحوث ساع الجدول رئيس قطاع البحوث والسياسات الضريبية"
71,"ثانيا: التعليمات والمنشورات الصادرة بشأن قانون الضريبة على القيمة المضافة
وزارة الماليه
مصلحة الضرانب المصريه ( ضريبه على القيمه المضافه )
الاداره المركزيه للبحوث الضريبيه
الادارة العامه لبحوث الخدمات
شركة/ .................... لإدارة المطاعم والكافيهات
خَينْ طيبنٌ وبعل»,
- إيماء إلى كتاب سيادتكم الوارد إلينا برقم ‎)١5(‏ بتاريخ ‎٠١١7/١/9‏ بصفتكم وكيلا
عن شركة .............. بشأن طلب الإفادة بالرأى عن مدى أحقية الشركة فى خصم
الضريبة على القيمة المضافة السابق سدادها على المدخلات المستخدمة فى أداء
نشاط الشركة.
- نتشرف بالإحاطة بأنه وفقا لأحكام قانون الضريبة على القيمة المضافة رقم 517 لسنة
- للمسجل عند حساب الضريبة أن يخصم من الضريبة المستحقة على قيمة مبيعاته
من السلع والخدمات ماسبق سداده من ضريبة على المدخلات سواء كانت مباشرة او
غير مباشرة المتعلقة ببيع سلعة أو أداء خدمه خاضعة للضريبة.
المتعلقة ببيع سلعة أو تأدية خدمة خاضعة للضريبة.
تحريراًفي: ‎١17/1١/77‏
‏مدير عام البحوث الفنية رئيس الادارة المركزية للبحوث الضريبية"
72,"ثانيا: التعليمات والمنشورات الصادرة بشأن قانون الضريبة على القيمة المضافة.
وزارة الماليه
مصلحة الضرانب المصريه ( ضريبه على القيمه المضافه )
الاداره المركزيه للبحوث الضريبيه
الادارة العامه لبحوث الخدمات
تعليمات رقم (5)
لسنة ‎7١117‏
‏يرجى الإحاطة بأنه قد إنتهى رأى مجلس مناقشة المشاكل الفنيه والإدرايه المعتمد من السيد
أولا: عدم أحقية الشركات فى خصم الضريبة السابق سدادها على مدخلات المنتجات
المحترقة أو التى تم إعدامها لعدم صلاحيتها أو فقدت أو سرقت.
ثانيا: إلغاء تعليمات المصلحة أرقام 79 لسنة 5 ‎,٠٠١‏ 5 لسنة ‎7١ ,25١٠١١‏ لسنة ‎٠١١5‏ الصادرة فى
هذا الشأن.
طبر 0

تعريراً في: ‎7١17/1/5‏

نائب رئيس مصلحة الضرائب المصرية رئيس مصلحة الضرائب المصريه"
73,"ثانيا: التعليمات والمنشورات الصادرة بشأن قانون الضريبة على القيمة المضافة
وزارة الماليه
مصلحة الضرانب المصريه ( ضريبه على القيمه المضافه )
قطاع البحوث والسياسات الضريبيه
المعاملة الضريبية لبعض السلع والخدمات التاليه
‎-١‏ خدمات النظافه تخضع للضريبة بالسعر العام
؟- الملح للاغراض الصناعية يخضع للضريبة بالسعر العام أما ملح الطعم فإنه معفى من الضريبة
طبقا لنص البند ‎١5‏ من قائمة السلع والخدمات المعفاه
""- أجزاء الآلات والمعدات وقطع الغيار تخضع للضريبة بالسعر العام
4 - الطوب الحرارى يخضع للضريبة بالسعر العام
5-المخللات المصنعة محليا معفاه طبقا لنص البند 4 ‎١‏ من قائمة السلع والخدمات المعفاه
5- خدمات توريد العمالة تخضع للضريبة بالسعر العام فيما عدا توريد العمالة الزراعية معفاة طبقا
لنص البند 49 من قائمة السلع والخدمات المعفاة من الضريبة
""- ورق الكرتون يخضع للضريبة بالسعر العام
7- الخصومات التجارية الممنوحة للعملاء طبقا للسياسة البيعية للشركة والصادره
بالفواتير الضريبية يعتد بها ووعاء الضريبة هو المدفعوعة فعلا أما الخصومات المعلقة
على شرط أو تلك التى لاتظهر على فاتورة البيع فلا يعتد بها عند حساب الضريبة
9- الخلطة الخرسانيه تخضع للضريبة بالسعر العام
‎٠‏ السلع الاعلانيه (الشاسيهات, الفوانيس, اللوحات, اللافتات) تخضع للضريبة بالسعر العام
‎١‏ المستلزمات الطبيه تخضع للضريبة بالسعر العام
15 مستحضرات التجميل تخضع لضريبة الجدول 968 بالإضافة إلى الضريبة بالسعر
العام."
74,"ثانياً: التعليمات والمنشورات الصادرة بشأن فانون الضريبة على القيمة المضافة.
‎-١*‏ الحوائط الخرسانيه سابقه التجهيز والخلطة الخرسانيه الجاهزة تخضع للضريبة
بالسعر العام
؛ ‎-١‏ خدمة تأجير السيارات الملاكى تخضع للضريبة بالسعر العام
6 خدمات التخليص الجمركى تخضع للضريبة بالسعر العام
5 المكملات الغذائيه تخضع للضريبة بالسعر العام
‎-١‏ إيرادات بيع تذاكر الطيران للركاب معفاة من الضريبة طبقا لنص البند ‎4١‏ من قائمة السلع
والخدمات المعفاة
7 الرواكد غير المستعملة ( بحالتها) تخضع للضريبة بالسعر العام
4 الخردة بكافة أنواعها تخضع للضريبة بالسعر العام
‎-٠‏ أعمال دراسات وأبحاث وتحاليل وتوقعات السوق والدراسات التجارية والتحديد
المكانى والإحصاءات المالية للتسويق تخضع لضريبة الجدول باعتبارها من الخدمات
المهنية والاستشاريه
‎-١‏ نشاط التصميم والطباعة تخضع للضريبة بالسعر العام
*""- نشاط تنظيم المؤتمرات تخضع للضريبة بالسعر العام
*""- المركزات المسجلة بوزارة الزراعة كإضافات أعلاف تخضع للضريبة بالسعر العام
؛ '- إدارة وتشغيل البوفيهات تخضع للضريبة بالسعر العام
5"" البن الاخضر والبن المحمص والمطحون وان كان محوجا معفى من الضريبة
5"" النسكافيه والقهوة سرعية الذوبان والمنتجات المحتوية على قهوة سريعة الذوبان (
الكابتشينو, كوفى ميكس, كوفى لاتيه, شوكوبار ليكو, قهوة محوجة) تخضع للضريبة بالسعر العام"
75,"ثانيا: التعليمات والمنشورات الصادرة بشأن قانون الضريبة على القيمة المضافة
1""- الروافع الشوكية تعد من المعدات التى تستخدم فى تأدية خدمة فتخضع للضريبة بفئة 05إ.
7- عصير الطماطم المركز , بيوريه الطماطم المركزه (صلصلة الطماطم) , الصلصات المحضرة
(كاتشب) تخضع للضريبة بالسعر العام
4' المربى المنتجه محليا معفاة من الضريبة طبقا لنص البند ‎١4‏ من قائمة السلع
والخدمات المعفاة ويخضع مثيلها المستورد للضريبة بالسعر العام
- عصائر الخضر والفواكه تخضع للضريبة بالسعر العام
‎”١‏ لب وبيوريه الفاكهه المستورد من الخارج تخضع للضريبة بالسعر العام
؟""- لب الفاكهه المصنع محليا والمتمثل فى الجزء الصالح للأكل من الفاكهة
وسواء كان مهروسا أو مجزأ إلى قطع معفى من الضريبة طبقا لنص البند ‎١4‏
‏من قائمة السلع والخدمات المعفاة
*""- خدمات النقل للعاملين بالسيارات الغير مرخصه سياحيا والغير مكيفه معفاة طبقا لنص البند
‎٠٠‏ من قائمة السلع والخدمات المعفاة
؛ *- خدمات الوساطه العقاريه تخضع للضريبة بالسعر العام
توريد وتدريب الكلاب معفى من الضريبة طبقا لنص البندين 7, 8"" من قائمة السلع والخدمات
المعفاة
5"" تدوير مخلفات مصانع النسيج والملابس تخضع للضريبة بالسعر العام
‎-”٠‏ برامج التعليم التى تؤدى إلى تحسين مستوى الاطفال من النواحى التعليمية معفاة طبقا لنص
البند 7"" من قائمة السلع والخدمات المعفاة
5"" نشاط توريد الوجبات الغذائيه تخضع للضريبة بالسعر العام
89 خدمات الدعم الفنى ( تعديل, تطوير, صيانة,...... إلخ) المتعلقة ببرامج الحاسب الآلى تخضع
للضريبة بالسعر العام"
76,"ثانيا: التعليمات والمنشورات الصادرة بشأن فانون الضريبة على القيمة المضافة.
‎٠‏ *- مقابل التراخيص باستخدام البرامج سواء فى صورة ورقيه أو على حوامل (إسطونات أو
غيرها) تخضع للضريبة بالسعر العام
‎-4١‏ العمولات التى تدفعها شركات السياحه مقابل اصدار تذاكر الطيران والنقل البرى وكذا مقابل
تنظيم البرامج السياحية تخضع للضريبة بالسعر العام
؟ ؛- المطهرات تخضع للضريبة بالسعر العام
* 4- خدمات التدريب على إطلاقها معفاة من الضريبة أماإذا وردت تحت أى مسمى متعلقا
ببيع سلعة أو خدمة خاضعة للضريبة مثل ( عقد مقاولة, فاتورة فندق, .... إلخ) فتدخل
ضمن وعاء قيمة السلعة أو الخدمة الخاضعة للضريبة ولاينطبق عليها الإعفاء.
؛ ؛- خدمات النقل السياحى المؤداه لرحلات الحج والعمرة تخضع للضريبة بالسعر العام
تحريراً في: ‎0107/1١/١‏
‏رئيس فطاع البحوث والسياسات الضريبيه
صلاح يوسف على"
77,"ثانيا: التعليمات والمنشورات الصادرة بشأن فَانون الضريبة على القيمة المضافة
وزارة المابيه
مصلحة الضرانب المصريه ( ضريبه على القيمه المضافه )
الاداره المركزيه للبحوث الضريبيه
الادارة العامه لبحوث الخدمات
السيد الاستاذ/ رئيس الادارة المركزية للتعريفة (مصلحة الجمارك )
خَينْ طيبنٌ وبعل»,
- إلحاقا لكتابنا رقم 776 بتاريخ ‎7٠١7/1/١8‏ بشأن المعاملة الضريبية للزيوت
(9) لسنة ‎.50١17‏
‏- أولا: الزيوت الخام (الغير مكرره) يتم تحصيل ضريبة بواقع ‎90٠.5‏ من القيمة
- ثانيا: يتم إيقاف العمل بمنشور التعريفات المشار إليه بعالية لحين عقد إجتماع مع الجهات
الفنية المختصة للوقوف على المعاملة الضريبية الصحيحة.
تحريراً في: / ‎""١177‏
‏مدير عام الادارة العاملة لسلع الجدول رئيس قطاع البحوث والسياسات الضريبية"
78,"ثانيا: التعليمات والمنشورات الصادرة بشأن قانون الضريبة على القيمة المضافة.
وزارة الماليه
مصلحة الضرانب المصريه ( ضريبه على القيمه المضافه )
السيد الاستاذ الدكتور/ مجدى عبد العزيز
رئيس مصلحة ا لجمارك
خَينْ طيبة وبعل»,
- نتشرف أن نهدى لسيادتكم خالص التحيات وأرق الامنيات بمزيد من التقدم والازدهار
- افسى إطار إجراءات التنسيق المتكامل فيما بين المصلحتين وبمناسبة تنفيذ أحكام القانون
/1"" لسنة 5ه بالضريبة على القيمة المضافة والتعامل بها إعتبارا من 01
للضريبة بقصسد الاتجار أو مصدر إلا بموجب شهادة تسجيل بضريبة القيمة المضافة
صادرة مسن مصلحة الضرائب المصرية طبقا لاحكام المادة ‎١5‏ من القفانون /ا"" لسنة
ك5
تحريراًفي: 7 ‎١0/7‏
‏نائب رئيس مصلة الضرائب المصرية رئيس مصلحة الضرائب المصرية"
79,"ثانيا: التعليمات والمنشورات الصادرة بشأن قانون الضريبة على القيمة المضافة
وزارة الماليه
مصلحة الضرانب المصريه ( ضريبه على القيمه المضافه )
الاداره المركزيه للبحوث الضريبيه
الادارة العامه لبحوث الخدمات
تعليمات رقم ‎)١(‏
‏لسنة ‎7١17‏
‏نظرا لورود العديد من الاستفسارات بشأن الافادة عن تاريخ بدء إحتساب مدة
التقفادم الخمسى هل تبدأ من تاريخ نشأة الحق فى الرد (التصدير/ البيع لجهات
معفاه/ صدور حكم نهائى) أم إحتساب مده التفادم من تاريخ إصدار فاتور الشراء
يرجى الإحاطة أن تاريخ بدء إحتساب التقادم الخمسى هو:
- فى حالة التصدير فإنه يتم إحتساب التقادم من تاريخ التصدير.
- فى حالة البيع لجهات معفاه فإنه يتم إحتساب التقادم من تاريخ إصدار شهادة الإعفاء.
تعريراً في: ‎7١17/7/1١‏
‏مدير عام الادارة العامة لرد الضريبة رئيس قطاع البحوث والسياسات الضريبية"
80,"ثانيا: التعليمات والمنشورات الصادرة بشأن قانون الضريبة على القيمة المضافة.
وزارة الماليه
مصلحة الضرانب المصريه ( ضريبه على القيمه المضافه )
الاداره المركزيه للبحوث الضريبيه
الادارة العامه للبحوث الفنيه
خَينْ طيبة وبعل»,

- إيماء إلى كتاب سيادتكم الوارد إلينا برقم 55” بتاريخ ‎٠١17/7/7‏ بشأن الافادة بالرأى عن
مدى خضوع نشاط إيجار مولدات ومعدات نقل وحفر ورافعات لشركات أخرى وكذا خصم
الضريبة على المدخلات.

- نتشرف بالإحاطة بأنه وفقا لاحكام القانون 57 لسنة ‎73٠١١5‏ بإصدار قانون الضريبة على
القيمة المضافة فإن:

- تفرض الضريبة على السلع والخدمات بما فى ذلك السلع والخدمات المنصوص عليها فى
الجدول المرافق لهذا القانون سواء كانت محلية أو مستوردة فى كافة مراحل تداولها إلا ما

- ويكون السعر العام للضريبة على السلع والخدمات ‎90١7‏ إعتبارا من ‎٠١١7/9/8‏ وحتى
واعتبارا من ‎7١١7/17/١‏ ومابعدها تكون فئة الضريبة 5 ‎.00١‏

- وعليه فإن نشاط شركتكم المتمثل فى خدمة تأجير مولدات ومعدات نقل وحفر ورافعات
لشركات أخرى يخضع للضريبة على القيمة المضافة بالسعر العام.

- ولشركتكم عند حساب الضريبة أن تخصم من الضريبة المستحقة على قيمة مبيعاتها من السلع
والخدمات ما سبق سداده من ضريبة عل المدخلات سواء كانت مباشرة أو غير مباشرة
المتعلقة ببيع سلعة أو أداءخدمة خاضعة للضريبة.

- ولايسرى الخصم على ما يأتى:
‎-١‏ ضريبة الجدول.

تحريراً في : 17/77/10
مدير عام البحوث الفنية رئيس قطاع بحوث السياسات الضريبية"
81,"ثانيا: التعليمات والمنشورات الصادرة بشأن قانون الضريبة على القيمة المضافة
وزارة الماليه
مصلحة الضرانب المصريه ( ضريبه على القيمه المضافه )
الاداره المركزيه للبحوث الضريبيه
الادارة العامه لبحوث الخدمات

- إيماء إلى كتاب سيادتكم الوارد إلينا برقم ‎١١‏ بتاريخ ‎٠١١7/1١/١1‏ بصفتكم وكيلا عن
شركة ......... للدعاية والإعلان بشأن طلب الإفادة بالرأى عن مدى الخضوع الضريبى
لنشاط إنتاج وتصميم الإعلانات ( المطبوعات واللافتات) وذلك فى ظل العمل بالقانون رقم
3"" للضريبة على القيمة المضافة.

- نتشرف بالإحاطة بأنه وفقا لأحكام القانون رقم 517 لسنة ‎7٠١١5‏ والخاص بإصدار قانون
الضريبة على القيمة المضافة فإنه:

- تفرض الضريبة على السلع والخدمات بما فى ذلك السلع والخدمات المنصوص عليها فى
الجدول المرافق لهذا القانون سواء محلية أو مستوردة فى كافة مراحل تداولها إلا ما استثنى
بنص خاص.

- الخدمات الإعلانيه معفاه من الضريبة على القيمة المضافة طبقا لنص البند رقم/اه من
قائمة السلع والخدمات المعفاه من الضريبة على القيمة المضافة المرافقة للقانون سالف
الذكر.

- ومن ثم فإن مايتم دفعه من المعلن لصالحه إلى المعلن مقابل الخدمة الإعلانيه معفى من
الضريبة على القيمة المضافة.

- أعمال تصنيع المادة الإعلانيه تخضع للضريبة على القيمة المضافة بفئة ‎90١7‏ من القيمة
إعتبارا من ‎٠١١5/9/8‏ و5١90‏ إعتبارا من ١//7//ا١١7,.‏

- هذا مع عدم الاخلال بإستحقاق الضريبة على الانشطة الخاضعة للضريبة والواردة بالبطاقة
الضريبية والسجل التجارى بالفئات المقررة قانونا.

ونقضلوأ بقبول فائق الاحزام..
تعريرا في: 7.17/7
مدير عام الإدارة العامة لبحوث الخدمات"
82,"ثانيا: التعليمات والمنشورات الصادرة بشأن ققانون الضريبة على القيمة المضافة.
وزارة الماليه
مصلحة الضرانب المصريه ( ضريبه على القيمه المضافه )
الاداره المركزيه للبحوث الضريبيه
الادارة العامه للبحوث الفنيه
السادة/ نصر أبوالعباس أحمد وشركاه
"" ميدان الإسماعيليه - مصر الجديدة - القاهرة
خَينْ طيبة وبعل»,
- إيماء إلى كتاب سيادتكم الوارد إلينا برقم ‎5١‏ بتاريخ ‎٠١١7/5/58‏ بصفتكم وكيلة عن
شركة لوتس لاستصلاح الصحراء بشأن طلب الإفادة بالرأى عن مدى خضوع المقابل الذى
تتقضاه الشركة من إحدى الجهات الحكومية نظير قيامها بجمع محصول الذره وتعبئته.
- نتشرف بالإحاطة بأنه وفق لأحكام قانون الضريبة على القيمة المضافة الصادر بالقانون رقم
17"" لسنة ‎”.1١5‏ فإنه:
- تفرض الضريبة على السلع والخدمات بما فى ذلك السلع والخدمات المنصوص عليها فى
الجدول المرافق لهذا القانون سواء كانت محلية أو مستوردة فى كافة مراحل تداولها إلا ما
- وطبقا لنص المسلسل رقم 55 من قائمة السلع والخدمات المعفاة المرافق لقانون الضريبة على
القيمة المضافة فإن خدمات استزراع واستنبات ورعاية الارض والمحاصيل وعمليات
الحصاد وتوريد العمالة الزراعية معفاة من الضريبة.
- ومن ثم فإن خدمة جمع محصول الذرة بواسطة العمالة الزراعية التابعة لشركة لوتس معفاة
من الضريبة.
- الخدمات المهنية والاستشارية تخضع لضريبة الحجدول بفئة ‎96٠١‏ من القيمة طبقا لنص
المسلسل ‎١١‏ من البند أولا سلع وخدمات تخضع لضريبة الجدول فقط من جدول سلع
وخدمات الجدول المرافق للقانون.
- خدمة التعبئة والتغليف تخضع للضريبة على القيمة المضافة بفئة ‎90١*‏ إعتبارا من
‎١ 4‏ حتى ‎7١١1/5/٠١‏ و50١0‏ إعتبارا من ١//7//ا١١7,‏
تحريراً في: 7.17/71
مدير عام البحوث الفنية رئيس قطاع بحوث السياسات الضريبية
اشرب ضع 0008 | »م |"
83,"ثانيا: التعليمات والمنشورات الصادرة بشأن قانون الضريبة على القيمة المضافة
وزارة الماليه
مصلحة الضرانب المصريه ( ضريبه على القيمه المضافه )
الاداره المركزيه للبحوث الضريبيه
الادارة العامه لبحوث الخدمات
السيد المحاسب/ نصر أبو العباس أحمد
"" ميدان الاسماعيليه - مصر الجديده- القاهره
خَينْ طيبة وبعل»,

- إيماء إلى كتاب سيادتكم الوارد إلينا برقم 515 بتاريخ ‎٠١١7/5/55‏ بصفتكم وكيلة عن
شركة إنتربرايس لإدارة المحتوى الالكترونى بشأن مدى الخضوع الضريبى لإيراد الإعلان
على الموقع الاخبارى على الإنترنت المحصل من العملاء وذلك فى ظل العمل بقانون
الضريبة على القيمة المضافة.

- نتشرف بالإحاطة بأنه وفقا لأحكام قانون الضريبة على القيمة المضافة رقم 51 لسنة ‎5٠١١15‏
‏فإنه:

- تفرض الضريبة على السلع والخدمات بما فى ذلك السلع والخدمات المنصوص عليها فى
الجدول المرافق لهذه القانون سواء كانت محلية أو مستوردة وفى كافة مراحل تداولها اللاما

- الخدمات الإعلانيه معفاه من الضريبة على القيمة المضافة طبقا لنص البند رقم لاه من
قائمةالسلع والخدمات المعفاه من الضريبة على القيمة المضافة المرافق للقانون سالف الذكر.

- ومن ثم فإن مايتم دفعه من المعلن لصالحه إلى المعلن مقابل الخدمة الإعلانيه معفى من
الضريبة على القيمة المضافة تطبيقا لنص البند سالف الذكر.

- هذا مع عدم الإخلال بإستحقاق الضريبة على السلع الإعلانيه حجز المواقع الإعلانيه على
مواقع الإنترنت (يوتيوب, فيسبوك) وكذا مدخلات الخدمة الإعلانيه الأخرى الداخلة فى أداء
الخدمة الإعلانية بالفئات المقررة قانونا.

تحريرا في: ‎""١117/1/٠‏

مدير عام الإدارة العامة لبحوث الخدمات رئيس قطاع البحوث والسياسات الضريبية"
84,"ثانيا: التعليمات والمنشورات الصادرة بشأن فانون الضريبة على القيمة المضافة.

قراروزيرالمالية

رقم ‎2١‏ لسنة ‎7١١17‏
‏وزير المالية
بعد الإطصلاع على قانون الضريبة على القيمة المضافة الصادر بالقانون رقم 57
لسنة 5١1.؟‏

قرر
( المادة الاولى)

فى تطبيق أحكام البند ‎)١5(‏ من قائمة السلع والخدمات المعفاة من الضريبة على القيمة
المضافة وفقا لأحكام القانون رقم 57 لسنة ‎٠١١5‏ المشار إليه تعفى من الضريبة على
القيمسة المضافة المأكولات التسى تصنع أو تباع من خلال المطاعم والمحال غير السياحية
للمستهلك النهائى مباشرة.
ويشترط فى كل من المحال والمطاعم غير السياحية المشار إليها فى الفقرة السابقة ألا تككون
من بين الحالات الآتيه:

‎-١‏ المطاعم والمحال الكائنة فى المطارات أو المولات التجارية أو الاماكن الأثرية أو
الملاهى أو التجمعات السكنية المغلقة.

‏؟- المطاعم والمحال التى تقدم المأكولات المصنعة من الدقيق والحلوى من عجين.

‏""- المضاعم والمحال التسى تكون تابعة أو جزءا من السلاسل أو الفروع العالمية أو
المحلية أو منتفعة بعلامتها أو إسمها التجارى.

‏5 - المطاعم والمحال الى يتضمن سعر الخدمة أو السلعة بها أية مبالغ أخرى كرسم
الخدمة أو غيرها.

‏5- المضاعم والمحال التى تنطبق عليها الشروط والمواصفات الخاصة بالمطاعم
والمحال السياحية الصادرة مسن وزارة السياحية الصادرة من وزارة السياحة وطبقا
للمعاينة الى تتم من خلال اللجنة المشتركة التى يصدر بتشكيلها قرار من وزيرى

‏( المادة الثانية)
ينشر هذا القرار فى الوقائع المصرية .
صدرفى ‎7117/7/١7‏ وزيرا مالية
عمرو الجارحى"
85,"ثانيا: التعليمات والمنشورات الصادرة بشأن قانون الضريبة على القيمة المضافة
وزارة الماليه
مصلحة الضرانب المصريه ( ضريبه على القيمه المضافه )
الاداره المركزيه للبحوث الضريبيه
الادارة العامه لبحوث الخدمات
خَينْ طيبة وبعل»,

- إيماء إلى كتاب سيادتكم الوارد إلينا برقم ‎5٠7‏ بتاريخ ‎٠١١7/7/8‏ بشأن طلب الإفادة بالرأى
عن المعاملة الضريبية لعملية بيع السيارات المحطمة التى آلت ملكيتها للشركة فى ظل العمل
بقانون الضريبة على القيمة المضافة وكذا المعاملة الضريبية فى ظل قانون ضريبة المبيعات
(الملغى).

- نتشرف بالإحاطه بأنه وفقا لأحكام القانون 517 لسنة ‎7٠١١5‏ بإصدار قانون الضريبة على
القيمة المضافة فإنه:

- خدمات التأمين وإعادة التأمين معفاه من الضريبة على القيمة المضافه وفقا لنص المسلسل
(0"") من قائمة السلع والخدمات المعفاه المرافقه للقانون سالف الذكر.

- ولايخل ذلك بإستحقاق الضريبة على مدخلات تلك الخدمات من السلع أو الخدمات الخاضعه
للضريبة أو ضريبة الجدول بالفئنات المقرره قانونا وكذا مبيعاتكم من السلع أو الخدمات
الخاضعه بالفئنات المقرره قانونا.

- ومن ثم فإن مبيعاتكم من السيارات المحطمه (الهلاك الكلى) والتى آلت ملكيتها لشركتكم نتيجة
الحوادث تخضع للضريبة بالسعر العام ‎)90١(‏ إعتبار من ‎٠١١7/9/8‏ و ‎)90١5(‏ إعتبارا
من ١//ا//ا١١7,.‏

- أما بشأن مبيعاتكم من تلك السيارات المحطمه (الهلاك الكلى) فى ظل
قانون ضريبة المبيعات الملغى كخرده حديد بالوزن (بدون رقم شاسيه أو
بإعتبارها خرده من حديد.

تعريراً في: 17//17.”

مدير عام الإدارة العامة لبحوث الخدمات رئيس قطاع البحوت والسياسات الضريبية"
